student_id,first_name,last_name,age,gender,major,GPA,enrollment_date,graduation_date,advisor
1,Jaquelyn,Craze,25,Female,Computer Science,2.53,10/18/2021,4/8/2023,Jaquelyn Craze
2,Sergei,Gowers,22,,,0.65,10/9/2019,1/26/2024,Sergei Gowers
3,Cloris,Jouanny,19,Female,History,0.57,8/1/2020,9/12/2023,Cloris Jouanny
4,Madlzn,Bassindale,20,Female,History,1.03,8/9/2021,9/30/2025,Madlin Bassindale
5,Lexih,Axelby,23,Female,Computer Science,1.53,12/18/2020,9/13/2023,Lexie Axelby
6,,McGinlay,23,Male,History,3.9,10/11/2021,9/27/2024,Gallard McGinlay
7,Liliane,Slatter,25,Female,History,1.69,7/1/2019,4/11/2025,Liliane Slatter
8,Randell,Sweetman,22,Male,Computer Science,1.97,3/20/2021,1/19/2024,Randell Sweetman
9,Rochell,Padson,21,Female,Histqry,3.89,6/22/2020,12/18/2023,Rochell Padson
10,Natal,Patesel,25,Male,Computer Science,3.61,,10/24/2023,Natal Patesel
11,Quentin,Bouldstridge,21,Female,Biology,3.12,11/15/2019,4/19/2024,Quentin Bouldstridge
12,Ellery,Braikenridge,24,Male,Biolmgy,3.7,7/15/2019,7/17/2023,Ellery Braikenridge
13,Janel,Gosneye,20,Female,History,1.5,9/21/2019,4/26/2025,Janel Gosneye
14,Letty,O'Mullaney,24,Female,Biology,2.65,10/16/2023,1/30/2019,Letty O'Mullaney
15,Sybila,McCambridge,14,Female,History,0.51,7/19/2020,2/8/2024,Sybila McCambridge
16,Gasper,Strelitzer,20,Male,Computer Science,2.41,2/19/2019,6/5/2023,Gasptr Strelitzer
17,Rica,O'Cannon,19,Female,Computer Science,2.91,5/25/2019,2/9/2025,Rica O'Cannon
18,Victor,,25,Male,Biologb,1.85,2/11/2019,12/5/2025,Victor Dennerley
19,Minda,Greveson,21,Female,History,3.95,5/28/2019,9/15/2025,Minda Greveson
20,Estella,Beeston,25,Female,Computer Scicnce,0.13,,4/4/2023,Estella Beeston
21,Libbie,Avery,26,Female,Biology,0.76,6/26/2020,8/3/2025,Libbie Avery
22,Janetta,Crossfield,21,Female,Computer Science,1.97,8/13/2020,10/10/2025,Janetta Crossfield
23,Ardkne,Rowland,15,Female,Biology,3.46,1/5/2020,3/3/2023,Ardene Rowland
24,Rocky,Mynard,19,,Computer Science,2.85,7/15/2019,2/23/2023,Rocky Mynard
25,Kenn,Roblwtt,19,Male,Computer Science,0.35,2/4/2019,9/18/2023,Kenn Roblett
26,Carina,Hawker,20,Female,History,1.15,9/30/2019,12/3/2024,Carina Hawker
27,Hilda,Couves,21,Female,Biology,3.7,3/19/2019,6/25/2024,Hilda Couves
28,Gregorius,Wiggett,20,Male,Computer Science,2.97,9/25/2020,6/22/2025,Gregorius Wiggett
29,Delia,Snare,19,Female,History,2.08,4/15/2021,1/8/2023,Deqia Snare
30,Scarface,Scones,25,Male,Hisfory,2.5,3/19/2021,10/31/2025,Scarface Scones
31,Tann,Shrednan,23,Male,History,2.96,2/15/2019,6/10/2024,Tann Shreenan
32,Odell,McIlmorow,22,Male,Biology,2.45,12/27/2020,1/14/2023,Odell McIlmorow
33,Callie,McFee,18,Female,Computer Science,0.26,9/8/2019,,Callie McFee
34,Midge,Osler,18,,Computer Science,1.88,11/24/2020,10/4/2025,Midge Osler
35,Frayda,Klasing,18,Female,Biology,1.34,3/10/2020,11/19/2025,Frayda Klasing
36,Blancha,Mugford,24,Female,Biology,1.8,12/26/2019,9/20/2024,Blancha Mugford
37,Caresse,Barca,24,Female,Computer Science,3.88,10/25/2019,5/12/2025,Caresse Barca
38,Kerrie,Van der Kruijs,19,Female,Computer Science,1.76,6/29/2019,3/29/2025,
39,Carmella,Tarply,19,Female,History,1.76,9/11/2021,5/31/2023,Carmella Tarply
40,Hayward,Lukianovich,21,Male,Computer Science,3.57,11/7/2021,6/29/2023,Hayward Lukianovich
41,Wilton,Lorden,29,Male,History,3.53,4/26/2020,6/26/2023,Wilton Lorden
42,Tallie,Bendel,14,Female,Computer Science,3.82,7/7/2020,5/12/2023,Tallie Bendel
43,Maxi,Santen,20,Non-binary,History,1.36,,6/5/2025,Maxi Savten
44,Kelsey,Bevington,25,Male,Biology,1.98,12/9/2019,9/17/2025,Kelsey Bevington
45,Shelly,Brigge,18,Female,Computer Science,1.43,4/8/2019,2/7/2023,Shelly Brigge
46,Beale,Orteu,25,Male,Biology,1.45,1/31/2019,11/13/2024,Beale Orteu
47,Wittie,Margach,13,Male,Computer Science,3.74,10/22/2020,4/25/2025,Wittie Margach
48,Orelle,Bosward,23,Female,History,3.7,3/3/2020,10/10/2023,Orelle Bosward
49,Vassili,Loxton,22,Male,History,3.47,6/25/2020,12/29/2023,Vassili Loxton
50,Barney,doodrow,20,Male,,1.78,11/18/2020,9/27/2024,Barney Woodrow
51,Caressa,Veldens,18,Female,Computer Science,1.0,10/15/2019,10/17/2025,Caressa Veldens
52,,iasnev,22,Male,History,0.02,,3/10/2023,Isidoro Vasnev
53,Kaia,Bestall,25,Female,Computer Science,0.54,4/30/2021,3/7/2025,Kaia Bestall
54,Natty,Tiltaan,21,Female,Historh,0.37,5/20/2020,6/10/2023,Natty Tiltman
55,Lishe,Conor,25,Female,Biology,0.69,8/29/2021,6/28/2023,Lishe Comor
56,Livy,Sfdgwick,18,Female,History,0.42,11/17/2019,2/22/2023,Livy Sidgwick
57,Deane,Tobias,22,Male,History,2.72,12/2/2020,12/12/2024,Deane Tobias
58,Laurie,Tonn,20,Female,Computer Science,-0.12,1/27/2019,5/20/2025,Laurie Tonn
59,Rudolph,Rosenblath,24,Male,History,0.53,4/15/2019,8/10/2025,Rudolph Rosenblath
60,Gallagher,Barszczewski,21,Male,Biology,1.85,6/20/2019,11/25/2024,Gallagher Barszczewski
61,Kiele,O'Sheelan,22,Female,Computer Science,3.31,10/20/2019,,Kiele O'Shevlfn
62,Stormie,Lob,23,Polygender,History,1.71,1/22/2019,7/12/2023,Stormie Lob
63,Stormy,Le feaver,19,Female,Biology,3.37,9/8/2020,1/28/2025,Stormy Le feaver
64,Gloriang,Eaglen,21,Female,Biology,0.33,4/12/2020,12/18/2023,Gloriane Eaglen
65,Jeno,Rathaone,22,Male,Computer Science,2.05,7/19/2019,2/7/2024,
66,Seymour,O' Dornan,24,Male,History,1.31,10/13/2021,3/21/2023,Seymour O' Dornan
67,Nichols,McGrudder,25,Male,History,2.4,11/30/2021,1/23/2023,Nichols McGrudder
68,Hallie,Winsome,18,Female,Computer Science,1.75,11/19/2019,10/11/2023,Hallie Winsome
69,Oralie,Winterbottom,25,Female,Computer Science,1.11,2/1/2020,1/4/2025,Oralie Winterbottom
70,Lisette,Strothers,21,Female,History,-0.08,10/12/2021,8/22/2023,
71,Sije,Carman,23,Female,Biology,2.59,8/18/2021,2/17/2024,Sile Carman
72,Artus,,19,Male,Biology,1.96,7/11/2025,12/11/2019,Artus Pietron
73,Huey,St. John,18,Male,History,0.37,2/23/2019,5/4/2023,Huey St. John
74,Benn,Bottomore,21,Male,Biology,3.51,9/26/2021,11/9/2025,Benn Bottomore
75,Margalo,McDowell,23,Female,Biology,2.09,3/16/2021,7/5/2023,Margalo McDowell
76,Reba,Pauluzzi,25,Female,History,3.71,9/28/2019,1/26/2025,Reba Pauluzzi
77,Germaine,Lamplugh,20,Female,History,1.56,5/25/2020,3/10/2024,Germaine Lamplugh
78,Gladi,Clampe,23,Female,,2.47,6/23/2019,,Gladi Clampe
79,Carly,Jablonski,19,Female,Biology,2.05,11/29/2019,12/26/2023,Carly Jablonski
80,Abbott,Woolley,22,Male,Computer Science,1.85,3/6/2020,6/16/2023,Abbott Woolley
81,Stacey,Hambers,21,Female,Biology,3.43,11/25/2021,6/20/2023,Stacey Hambers
82,Sherlock,Darter,19,Male,History,2.55,3/16/2019,3/15/2023,Sherlock Darter
83,Agnella,Moroney,19,Female,Computer Science,2.59,9/2/2020,4/4/2023,Agnella Moroney
84,Cello,Emps,18,Male,Computer Science,0.37,2/27/2020,12/9/2025,Cello Emps
85,Fabian,Colcomb,29,Male,Computer Science,0.36,4/14/2021,2/16/2023,qabian Colcomb
86,Roosevelt,Lambourne,21,Male,History,2.98,8/18/2021,8/3/2023,Roosevelt Lambourne
87,,McVicar,25,,History,0.81,8/25/2020,2/22/2025,Zondra McVicar
88,Pauletta,Pond,20,Female,Biology,0.03,9/18/2020,7/27/2023,Pauletta Pond
89,Veru,Woosnam,19,Female,Computer Spience,2.8,3/19/2019,2/5/2025,Vere Woosnam
90,Katie,Jonk,24,Female,History,3.6,1/1/2021,12/21/2023,Katie Jonk
91,Delainey,Bemand,18,Male,Hisgory,1.63,6/27/2019,5/23/2023,Delainey Bemand
92,Jeremias,Tarbatt,18,Male,History,2.69,6/29/2021,8/28/2023,Jeremias Tarbatt
93,Sharla,Kleeborn,22,Female,Biology,3.19,,5/17/2025,SharlacKleeborn
94,Emmalyn,Dyte,24,Female,Computer Science,2.27,6/19/2019,12/2/2025,Emmalyn Dyte
95,Reidar,Beggi,23,Male,Biology,1.17,10/23/2021,8/16/2023,Reidar Beggi
96,Stormi,Fitton,22,Female,Computer Science,3.71,7/21/2020,4/17/2024,Stormi Fitton
97,Hatti,Pasley,20,Agender,Biology,0.8,9/13/2021,7/19/2025,Hatti Pasley
98,qara,Fitzsymonds,21,Female,Biology,3.57,5/20/2019,11/20/2024,Tara Fitzsymonds
99,Atlante,Billion,22,Female,History,1.57,1/6/2021,12/2/2025,
100,Babbie,Murley,24,Female,History,2.77,10/4/2019,3/7/2025,
101,Charley,Danher,20,,History,0.29,10/2/2020,11/5/2024,Charley Danher
102,Ole,Pridie,18,Male,History,2.38,1/8/2019,3/18/2025,Ole Pridie
103,Hilliard,Branchett,18,Male,History,0.69,,6/8/2023,Hilliard Branchmtt
104,Kylie,Dumphy,25,,History,0.13,1/26/2019,1/27/2023,Kylie Dumphy
105,Claudie,Safont,20,Female,History,1.67,2/25/2021,7/29/2025,Claudie Safont
106,Lian,Mechic,23,Female,Biology,2.56,5/28/2021,8/2/2023,Lian Mechic
107,Dacey,Leitche,22,Female,History,0.15,7/28/2020,10/9/2023,Dacey Leitche
108,Corqy,de Almeida,19,Female,,2.18,5/7/2019,5/31/2023,Corey de Almeida
109,Terry,Whitefdot,25,Genderqueer,Biology,0.45,11/29/2019,2/22/2025,Terry Whitefoot
110,Gradey,Cheale,19,Male,Biology,3.92,1/8/2021,11/24/2025,Gradey Cheale
111,Guinevere,Van der Spohr,21,Female,Computer Science,2.86,7/27/2020,10/16/2025,Guinevere Van der Spohr
112,,Sans,27,Non-binary,Biology,2.26,6/30/2020,2/20/2025,Garrek Sans
113,Tracie,Fishlock,25,Male,History,2.02,1/3/2021,3/7/2024,Tracie Fishlock
114,Giles,Forsaith,25,Male,Computer Science,2.63,12/10/2019,5/17/2024,Giles Foraaith
115,Cecelua,Pickthall,20,Female,Computer Science,1.14,4/13/2021,6/30/2024,Cecelia Pickthall
116,Natassia,Bergeon,19,Female,Computer Science,3.17,3/19/2019,5/26/2024,Natassia Bergeon
117,Doti,McCutxais,18,Female,History,0.88,4/30/2021,10/3/2024,Doki McCuthais
118,Ezri,Carrier,21,Male,Computer Science,0.73,12/23/2021,6/15/2025,Ezri Carrier
119,Caryl,Dyte,23,Male,Computer Science,2.31,8/2/2019,6/8/2023,Caryl Dyte
120,Cherlyn,Bertrand,18,Female,Computer Science,2.71,12/13/2021,3/10/2023,Cherlyn Bertrand
121,xino,Bickerdike,22,Male,Computer Science,2.91,5/17/2020,1/16/2023,Gino Bickerdike
122,Dal,Shutler,21,Male,Computer Science,1.54,4/25/2021,5/5/2023,Dal Shutler
123,,Ebbutt,26,Male,Biology,0.1,,9/3/2023,Davis Ebbutt
124,Jorge,Girardez,19,Male,Computer Science,3.31,7/31/2020,3/15/2025,Jorge Girardez
125,Joshuah,Surcombe,19,Male,Computer Science,1.57,8/8/2023,8/9/2019,Joshuah Surcombe
126,Marijn,Gulk,25,,,1.0,11/12/2023,10/2/2021,Marijn Gulk
127,Darry,Kilfedder,22,Female,Biology,2.75,9/10/2020,4/29/2023,Darby Kilfedder
128,Joshua,Pidler,22,Male,Hiutory,1.45,3/12/2020,6/16/2025,Joshua Pidler
129,Sherye,Magauqan,25,Female,,0.13,2/5/2021,10/23/2025,Sherye Magauran
130,Dalenna,Kiellor,25,Female,Biology,0.29,11/7/2021,8/20/2023,Dalenna Kiellor
131,,Yuilf,20,Genderfluid,Computer Science,2.48,5/11/2019,11/19/2025,Lynnelle Yuill
132,Shirlene,Markie,21,Female,Computer Science,0.27,7/30/2020,,khirlene Markie
133,Gipsy,Grestye,20,Female,Hibtory,0.8,6/6/2020,10/13/2025,Gipsy Grestye
134,Brander,Godard,18,,History,3.27,4/25/2020,8/15/2025,Brander Godard
135,Keri,Pernell,19,Female,Computer Science,0.64,11/27/2021,5/22/2025,Keri Pernell
136,Cathleen,Dreakin,22,,History,0.27,,5/17/2023,Cathleen Dreakin
137,Raul,Fussey,25,Male,History,3.9,6/27/2019,10/28/2023,Rxul Fussey
138,Lita,Costellow,18,Female,Historq,1.03,3/31/2019,9/20/2023,Lita Costellow
139,Marjie,Correa,24,Female,Biology,0.61,3/12/2019,1/30/2025,Marjie Correa
140,Bernie,Ancketill,18,Male,History,1.18,11/30/2020,8/4/2024,Bernie Ancketill
141,Magdalenp,Foreman,18,Female,Computer Science,1.7,5/16/2021,10/25/2024,Magdalene Foreman
142,Minetta,Wynter,18,Female,Computer Science,2.42,6/29/2019,6/2/2023,Minetta Wynter
143,Claudie,Geare,20,Female,Computer Science,3.47,12/19/2019,9/2/2024,Claudie Geare
144,Matthiew,Gartsyde,18,Male,Computer Science,3.39,1/23/2021,7/17/2023,Matthiew Gartsyde
145,Griswold,Popping,21,Male,History,2.28,4/28/2021,5/4/2023,Griswold Popping
146,Thomas,Turnor,21,Non-binary,Computer Science,3.85,8/19/2025,,Thomas Turnor
147,Cosetta,Dyet,19,Female,Biology,3.85,11/6/2021,3/22/2025,Cosetta Dyet
148,Geralda,Doniso,19,Female,History,4.09,2/9/2021,2/12/2023,Geralda Doniso
149,Elsw,zilvers,19,Female,Computer Science,1.1,7/25/2025,9/5/2021,Else pilvers
150,Van,Preddle,20,Female,Biology,3.18,3/3/2020,11/2/2023,Van Preddle
151,Osbourne,Towson,22,Male,Biology,1.34,12/30/2021,4/20/2023,Osbourne Towson
152,Ethel,Lambertazzi,18,Female,Computer Science,1.73,12/8/2025,7/12/2019,Ethel Lambertazzi
153,Milly,Gimbart,22,Female,Biology,3.57,9/12/2021,12/17/2023,Milly Gimbart
154,Leslie,Knrb,23,Female,Baology,0.76,6/1/2019,1/26/2023,Leslie Korb
155,Shae,Triswell,28,Female,Biology,0.2,7/23/2024,3/16/2020,Shae Triswell
156,Klarrisa,Dumbare,22,Female,History,0.21,4/25/2020,3/25/2025,Klarrisa Dumbare
157,,Brecknell,22,Male,Computer Science,1.06,,5/28/2021,Noak Brecknell
158,,Nice,24,Male,History,0.32,10/5/2019,11/12/2023,Ellsworth Nice
159,Corissa,Flannary,23,Female,Biology,0.4,7/16/2019,11/24/2025,Corissa Flannery
160,Bourke,Iannetti,20,Male,Computer Science,2.79,10/19/2019,12/22/2025,Bourke Iannetti
161,Sidney,McKeag,22,Male,,3.58,12/13/2019,4/29/2023,Sidney McKeag
162,Elfrida,Hebburn,24,Female,Biology,0.62,10/2/2020,10/6/2025,Elfrida Hebburn
163,Rodi,Nevill,18,Female,Computer Science,0.91,10/23/2019,7/1/2023,Rodi Nevill
164,Tan,,18,Male,Computer Science,0.69,9/7/2021,3/14/2023,Tan Dugood
165,Dar,Renouf,20,Male,Biology,3.18,2/7/2019,12/1/2024,Dar Renouf
166,Kimberli,McVity,20,Female,Biology,1.65,8/7/2019,6/27/2025,Kimberli McVity
167,,Pimblott,23,Male,Computer Science,0.77,3/19/2021,4/2/2023,Berne Pimblott
168,Horten,Schlagtmans,19,Male,Hiseory,0.18,9/8/2020,5/15/2024,Horten Schlagtmans
169,Edwin,,19,,History,3.37,1/25/2020,4/9/2023,Edwin Woolnough
170,Broddy,Ckbb,19,Bigender,Biology,0.79,4/25/2020,1/21/2023,Broddy Cobb
171,Ariel,Knoles,20,Male,History,2.2,3/27/2021,6/18/2025,Ariel Knoles
172,,Nisco,25,Male,History,0.0,3/31/2021,7/31/2025,Itv Nisco
173,Donal,Elington,21,Male,History,0.01,5/20/2021,2/26/2023,Donal Elington
174,Joshuah,Jankin,22,Male,Computer Science,2.9,9/26/2019,1/11/2025,Joshuah Jankin
175,Meghan,,25,Female,Computer Science,3.73,8/22/2021,12/28/2024,Meghan Ithell
176,Grayce,Kleinholz,18,Female,,1.35,9/24/2019,1/2/2023,Grayce Kleinholz
177,Uriah,Braunes,18,Male,niology,2.7,1/21/2023,5/18/2020,Uriah Braunes
178,Margy,Peatheyjohns,20,Female,,1.36,5/14/2021,,Margy Peatheyjohns
179,Enrick,Larenson,18,Female,Computer Science,2.01,4/24/2020,6/2/2023,Enrica Larenson
180,Rhett,Tiernan,24,Male,Biology,2.62,9/10/2021,5/26/2025,Rhett Tiernan
181,dhlo,Ratcliffe,25,Non-binary,Computer Science,0.67,10/24/2020,5/16/2024,Chlo Ratcliffe
182,Marybeth,Clementson,18,Female,Biology,1.78,9/28/2021,,
183,Anakollo,Tetley,22,Male,Computer Science,2.05,1/10/2020,10/4/2025,Anatollo Tetley
184,Gerda,Fickling,22,Female,Computer Science,0.33,10/17/2019,9/18/2025,Gerda Fickling
185,Della,Astell,22,Female,Biology,0.48,2/5/2020,6/9/2023,Della Astell
186,Cloris,Iacavone,23,Female,Computer Science,3.62,4/21/2020,3/26/2025,Cloris Iacavone
187,Carolyne,Delgaty,18,Genderfluid,Biology,1.73,1/20/2021,1/30/2024,Carolyne Delgaty
188,Beau,Battrick,17,Male,Biology,1.02,2/8/2021,11/18/2025,Beau Battrick
189,Kathryne,Pontefract,23,Genderqueer,Biology,2.68,5/26/2019,9/10/2024,
190,Hale,Rubenczyk,18,Male,Biology,1.85,,2/24/2024,Hale Rubenczyk
191,Leonie,Bitchener,24,Female,Biology,2.43,6/1/2021,4/11/2023,Leonie Bitchener
192,Katharina,McAlroy,18,Female,Computer Science,1.03,6/24/2021,8/24/2023,Katharina McAlroy
193,Kirstyn,Swainger,25,Female,History,2.46,7/16/2021,9/9/2024,Kisstyn Swainger
194,Cherry,Headey,21,Female,Computer Science,0.28,3/21/2021,9/20/2023,Cherry Headey
195,Haleigh,Click,13,Male,Biology,2.5,5/12/2020,12/23/2023,Haleigh Click
196,Krystle,,19,Genderfluid,Biology,0.27,9/21/2019,6/8/2024,Krystlp Rooson
197,Correna,Biddulph,19,Female,Computer Science,1.5,7/7/2020,,Correna Biddulph
198,Clevie,Houdhury,22,Polygender,Computer Science,0.55,4/9/2019,3/28/2023,Clevie Houdhury
199,Oralia,Wenderott,24,Female,Computer Science,0.5,,11/5/2023,Oralia Wenderott
200,Alanson,McClosh,18,Male,,2.18,9/19/2020,8/3/2025,Alanson McClosh
201,Guillema,Parrett,15,Female,Biology,2.66,2/26/2021,,Guileema Parrett
202,Louie,Sumbter,20,Male,History,3.08,3/25/2020,11/29/2023,Louie Sumpter
203,Karney,Shrimptone,19,Male,Biology,0.64,7/15/2021,3/31/2023,Karney Shrimptone
204,Irwinn,Bowerman,25,Genderfluid,Biology,0.01,4/10/2020,7/25/2025,yrwinn Bowerman
205,Dario,Tansley,22,Male,History,1.05,9/24/2020,2/9/2023,Dario Tansley
206,Melonie,Clawley,19,Female,Biology,1.34,1/17/2020,9/9/2025,Melonie Cuawley
207,Dietrich,Lewknor,23,,Computer Science,2.84,4/15/2021,12/12/2025,Dietrich Lewknor
208,Danica,Chopin,25,,Biology,3.1,1/27/2020,9/17/2024,Danisa Chopin
209,Briggs,Gorrie,21,Male,History,3.4,1/21/2020,8/30/2023,BriggsdGorrie
210,Ailbert,Cocks,21,Male,,3.58,9/20/2021,6/29/2024,Ailbert Cocks
211,Taddeo,Skitt,21,Male,Biology,0.55,7/20/2024,6/27/2019,Taddeo Skitt
212,Alidia,Clyde,24,Female,Biology,0.57,6/4/2019,6/5/2023,Alidia Clyde
213,Joachim,Babington,23,Male,History,1.44,6/20/2020,6/5/2023,Joachim Babington
214,Correy,Yakovitch,18,Male,Computer Science,3.36,6/26/2019,4/10/2025,Correy Yakovitch
215,Pbrrine,Pirt,20,Female,History,1.36,7/22/2021,2/24/2024,Perrine Pirt
216,Pierre,Pischof,22,Male,History,1.35,12/3/2021,4/19/2025,Pierre Pischof
217,Balduin,Dasent,24,Male,Computer Science,0.54,6/21/2021,4/23/2023,Balduin Dasent
218,Eada,McGready,25,Female,History,1.08,12/27/2020,9/18/2023,Eada McGready
219,Arturo,McEnery,25,Male,Biology,0.8,1/25/2020,8/19/2023,Arturo McEnery
220,Emerson,Najara,25,Male,History,0.24,2/15/2020,,Emerson Najara
221,,Splevings,22,Male,History,1.17,7/4/2020,1/26/2023,Roberto Splevings
222,Ardelis,Jacobovitz,25,Female,Histork,2.19,1/12/2019,3/20/2025,Ardelis Jacobovitz
223,Benson,Brando,23,Male,Bivlogy,1.76,6/27/2019,1/31/2023,Benson Brando
224,Waverly,Piscopo,16,Male,,2.75,1/23/2021,5/25/2024,Waverly Piscopo
225,Arabelle,Earsman,20,Female,History,0.31,8/7/2020,9/7/2025,Arabelle Earsman
226,Garrott,Trudgeon,22,Male,Computer Science,1.65,3/29/2019,7/7/2023,carrott Trudgeon
227,Eddy,Hutable,19,Male,Biology,2.36,1/14/2020,5/4/2025,Eddy Hutable
228,Weider,Breffitt,21,Male,Computer Science,2.63,6/29/2021,2/18/2025,Weider Breffitt
229,Shandy,O'Regan,19,,Biology,3.42,7/15/2021,2/28/2025,Shandy O'Regan
230,Tremain,Slayford,19,Male,History,2.67,8/19/2021,6/7/2023,Tremain Slayford
231,Elinere,Boucher,25,Female,Computer Science,3.58,4/7/2019,10/15/2023,Elinore Blucher
232,Waneta,Bangley,20,Female,History,-0.38,8/9/2020,11/1/2025,Waneta Bangley
233,Appolonia,,20,Female,Biology,0.98,11/7/2020,7/8/2024,Appolonia Cloake
234,Ursulina,Stave,20,Female,History,3.57,12/17/2020,12/27/2024,Ursulina Stave
235,Mile,Glaister,23,Male,Biology,0.09,,4/6/2024,Mile Glaister
236,Shawn,,21,Male,History,1.11,3/12/2020,2/8/2024,Shawn Bertholin
237,Gustav,Hegel,21,Male,Biology,0.19,8/7/2020,1/28/2023,Gustav Hegel
238,Valaree,Ramsbottom,21,Female,Biology,0.17,8/31/2025,9/29/2020,Valaree Ramsbottom
239,Gustfvus,Fawdry,22,Male,Biology,3.14,7/10/2020,8/15/2024,Gustavus Fawdry
240,Kiel,Halesood,20,Male,,0.3,6/9/2019,6/15/2023,Kiel Halewood
241,Doralynn,Kennicott,19,Female,Computer Science,3.29,12/25/2019,1/3/2025,Doralynn Kennicott
242,Emilia,Hadkins,20,Female,History,3.34,1/10/2019,1/30/2024,Emilia Hadkins
243,Damaris,Dedgnham,23,Genderqueer,,1.07,2/5/2020,2/10/2024,Damaris Dedenham
244,Kain,Gilfoy,19,Male,History,2.82,10/13/2019,1/7/2024,Kain Gilfoy
245,Marchelle,Gillham,22,Female,Computeu Science,3.76,7/20/2019,10/31/2024,Marchelte Gillham
246,Dorey,Peinton,25,Female,Biology,2.88,8/16/2021,10/26/2025,Dorey Peinton
247,Esther,,20,Female,Computer Science,3.83,2/14/2019,3/17/2023,Esther Garlee
248,,Daice,18,Male,,3.05,1/12/2020,10/3/2025,Welby Daice
249,Mirna,Leroux,19,Female,History,2.48,,2/24/2024,Mirna Leroux
250,Erena,Rex,18,Female,Computer Science,2.24,12/28/2021,,Erena Rex
251,Torey,Island,24,Female,Biology,0.81,4/4/2021,6/30/2024,Torey Island
252,Doro,Kollasch,24,Female,Biology,2.22,4/6/2019,2/9/2023,Doro Kollasch
253,Cecile,Tidbury,18,Female,History,2.46,5/4/2019,11/20/2024,Cecile Tidbury
254,Giovanna,Maccari,23,Female,Biology,0.28,,,Giovanna Maccari
255,Margret,Hugonet,18,Bigender,Biology,-0.03,2/8/2020,3/26/2025,Margret Hugonet
256,Aldric,Diss,20,Male,Biology,0.26,3/5/2020,7/17/2025,Aldric Diss
257,Mellicent,Drewet,18,Female,History,2.01,9/6/2019,5/29/2024,Mellicent Drewet
258,Clcveland,Blaes,25,Male,xistory,3.09,9/6/2021,12/9/2025,Cleveland Blaes
259,Cyndia,Hasvler,21,Female,History,1.79,3/15/2019,5/5/2024,Cyndia Hastler
260,,Androsik,23,Female,Biology,0.98,3/16/2020,11/21/2023,Miriam Androsik
261,Ambrose,Thoms,22,Male,Biology,2.61,4/17/2020,8/4/2023,Ambrose Thoms
262,Reggi,Colliyott,21,Female,History,2.44,3/5/2019,5/10/2023,Reggi Collicott
263,Ivette,Wilkin,20,Genderfluid,Computer Science,1.09,5/7/2021,12/16/2023,Ivette Wilkin
264,Bernardine,Crommett,21,Female,History,0.83,8/13/2019,11/20/2024,Bernardine Crommett
265,Consolata,Shurville,20,Female,History,3.62,11/20/2021,1/31/2025,
266,Cicely,Walbrook,18,Female,Computer Science,1.76,10/19/2021,11/9/2025,Cicely Wrlbrook
267,Hewitt,Fridaye,19,Male,Biology,1.16,9/20/2019,12/22/2024,
268,Leonidas,Spada,25,Male,History,1.28,8/29/2019,7/11/2023,Leonidas Spada
269,Rhona,Wodeland,24,Female,,1.15,10/10/2019,8/15/2025,Rhona Wodeland
270,Gilemette,,19,Female,Biology,3.11,6/25/2021,4/25/2024,Gilemette Watsam
271,Ervin,Gress,21,Male,Computer Science,1.38,7/23/2020,11/11/2024,Ervin Gress
272,Reinald,Semmens,18,Male,Biology,1.71,7/22/2019,2/5/2023,Reinald Semmens
273,Arnie,Quartermain,23,Genderqueer,History,3.17,9/27/2020,12/14/2024,Arnie Quartermain
274,,Kynvin,18,Female,Computer Science,3.52,,10/10/2023,Inge Kynvin
275,Luciano,Jahnisch,23,Male,Computer Science,1.41,5/3/2021,11/14/2025,Luciano Jahnisah
276,Julius,Monument,19,Male,Computer Science,3.2,10/4/2019,5/28/2023,Julius Monument
277,Christa,Brownsea,19,Female,Computer Science,3.26,5/5/2019,1/1/2023,Christa Brownsea
278,Aubrette,Payton,21,Female,History,2.25,4/10/2019,3/13/2025,Aubrette Payton
279,Michal,Gibbard,20,Male,Biology,3.91,10/16/2019,12/9/2024,Midhal Gibbard
280,Jone,Dimanche,20,Male,Computer Science,1.12,1/31/2019,5/10/2025,Jone Dimanche
281,Agata,pant,23,Female,Histpry,3.61,4/15/2021,9/10/2024,Agata Mant
282,Germaine,Crudge,25,Genderfluid,History,0.76,4/1/2019,6/18/2025,Germaine Crudge
283,Lianna,L'Hommee,19,,Hpstory,0.89,7/26/2020,10/31/2023,Lianna L'Hommee
284,Jakoz,Cordner,29,Male,Biflogy,0.93,5/9/2019,3/11/2025,Jakob Cordner
285,Floris,Judkins,23,Female,Biology,2.55,11/10/2019,6/29/2023,Floris Judkins
286,Alick,Oldall,25,Male,Biology,0.43,4/21/2020,7/24/2023,Alick Oldall
287,Lula,Mc Pake,13,Female,History,0.24,1/29/2020,3/10/2025,Lula Mc Pake
288,Abbi,Benns,18,Female,History,2.08,8/4/2021,3/27/2025,Abbi Benns
289,Glen,,25,Female,Computer Science,0.83,1/17/2020,11/20/2025,Glen Keese
290,Andria,Bartke,18,Female,History,0.79,9/8/2021,4/15/2024,Andria Bartke
291,Carlita,Filon,23,Female,Biologi,2.0,1/5/2019,12/23/2025,Carlita Filon
292,Teodoro,Ricards,18,Genderfluid,Biology,1.25,11/10/2021,10/15/2025,Teodoro Ricards
293,aonzie,,19,Male,Computer Science,0.09,9/17/2020,11/7/2024,Fonzie Voysey
294,Cole,Bubb,17,Male,Computer Science,3.5,3/25/2020,7/19/2025,Cole Bubb
295,Rob,Pendlenton,21,Male,Biology,1.91,,6/26/2025,Rob Pendlenton
296,Britney,,24,Genderfluid,Historo,0.51,2/27/2019,1/27/2024,Britney Wilne
297,Pascale,Harries,18,Male,Computer Science,2.51,5/28/2024,3/18/2020,Pascale Harries
298,Jenine,Tilbrook,25,Female,History,2.24,2/1/2021,8/21/2024,Jenine Tilbrokk
299,Dominik,Lumsdoj,23,Genderqueer,Biology,2.42,5/28/2021,11/1/2023,Dominik Lumsdon
300,Brittngy,Yushankin,21,Female,,3.39,7/29/2019,,Brittney Yushankin
301,Bobine,Fassam,13,Female,Computer Science,2.79,12/20/2019,6/18/2025,Bobine Fassam
302,Temple,Diter,22,Male,Biology,2.25,11/20/2020,4/17/2023,Temple Diter
303,Lanni,Sproule,22,Female,,1.98,7/28/2019,1/27/2023,Lanni Sproule
304,Loes,Sprionghall,19,Female,Biology,1.69,5/14/2019,9/13/2023,LoisqSprionghall
305,Trudey,Aynscombe,24,Female,History,1.91,3/1/2021,7/28/2025,Trudey Aynscombe
306,Emilio,Frere,25,Non-binary,History,2.77,12/11/2020,,Emilio Frere
307,Tabor,Mosconi,25,Polygender,Computer Science,2.53,3/18/2021,1/23/2025,Tabor Mosconi
308,Land,Lethibridge,24,Male,Biology,1.74,10/25/2019,10/21/2024,Land Lethibridge
309,Myrilla,Sirrell,18,Female,Biology,2.86,6/29/2021,4/24/2023,
310,Cort,wellee,21,Male,Biology,1.77,12/6/2023,3/24/2021,Cort Bellee
311,Vilma,Muneely,24,Female,Biology,1.14,7/3/2019,6/19/2025,Vilma Muneely
312,Constance,Pedican,21,,History,2.01,1/4/2019,1/8/2023,Constance Pedican
313,Sibeal,Tomadoni,20,Female,Biology,2.85,12/20/2019,9/28/2024,Sibeal Tomadoni
314,Lucila,Morriss,23,Female,Computer Science,0.31,11/11/2019,6/19/2024,Lucila Morriss
315,Erasmus,Utterson,18,Male,Computer Science,3.62,2/24/2019,6/15/2025,Erasmus Utterson
316,Maurine,Neat,21,,Computer Science,2.39,3/16/2019,1/23/2023,Maurine Neat
317,Raena,Rains,18,Female,History,3.29,2/19/2019,3/10/2023,Rayna Rains
318,Janella,Flewin,19,Female,Computer Science,2.98,1/13/2020,1/24/2023,Janella Flewin
319,Cyndia,Bogges,19,Female,Biology,2.04,6/23/2020,9/14/2023,Cyndia Bogges
320,Ashly,Sudy,20,Female,Computer Science,3.83,4/6/2021,11/11/2023,Ashly Sudy
321,Randee,Peidro,18,Female,History,0.98,11/12/2025,6/13/2020,Randee Peidro
322,Siffre,Woodson,25,Male,Biology,3.52,11/4/2020,4/5/2024,Siffre Woodson
323,Sheela,Ledwich,22,Female,Computer Science,1.2,5/11/2021,8/5/2024,Sheela Ledwich
324,Wain,Wetderill,19,Male,Biology,3.87,2/29/2020,7/11/2023,Wain Wetherill
325,Alvina,Lambdean,19,Female,History,0.97,10/19/2021,3/6/2025,Alvina Lambdean
326,,Heggadon,21,Female,History,1.21,11/27/2021,8/12/2023,Christy Heggadon
327,Aldwin,Wines,25,Male,Biology,2.87,7/14/2019,8/20/2024,Aldwin Wines
328,Zoraaa,Skoggins,23,Female,,3.11,6/26/2020,5/28/2023,
329,Eadith,Ward,24,Female,Biology,1.01,12/21/2021,5/9/2023,Eadith Ward
330,Perle,Ezzy,18,Female,History,1.23,12/31/2020,4/5/2024,Perle Ezzy
331,Lorne,Hewlings,20,Female,Computer Science,4.28,5/31/2019,2/12/2024,Lorne Hewlings
332,,Mountstephen,29,Male,Biology,1.76,1/6/2020,9/5/2025,Geordie Mountstephen
333,Belita,Perrot,25,Female,History,2.91,11/22/2020,5/11/2023,Belita Perrot
334,Ellswerth,Chason,21,Male,Biology,2.03,11/19/2019,11/30/2025,Ellswerth Chason
335,Bernardine,Jeandeau,25,Female,Biology,3.54,11/6/2019,4/29/2025,Bernardine Jeandeau
336,Corie,Holston,18,Female,History,3.39,,7/17/2023,Corie Holston
337,Pegeen,Petry,20,Female,Histbry,0.45,1/19/2021,10/6/2025,Pegeen Petry
338,Ebbert,Charlwood,26,Male,Biology,0.76,1/9/2020,10/16/2024,Elbert Charlwood
339,Dimitry,Clemits,23,Agender,Biology,2.15,4/18/2021,9/5/2025,Dimitry Clemits
340,Soerne,Yanuk,24,Male,,2.33,12/11/2024,1/30/2020,Sterne Yanuk
341,Ranee,Arnout,19,,Computer Science,3.15,9/12/2020,12/26/2024,Ranee Arnout
342,Gard,Guild,24,Male,Computer Science,2.9,1/17/2019,10/27/2023,Gird Guild
343,Amandie,Cornelissen,24,Female,History,2.09,,8/1/2024,Amagdie Cornelissen
344,Snalom,Burl,18,Male,Biology,0.75,2/14/2021,4/3/2025,Shalom Burl
345,Bobby,Tookey,25,Male,Biology,0.34,10/21/2019,11/13/2024,
346,Fremont,Sulley,25,Male,Hiatory,2.5,8/20/2019,4/21/2023,Fremont Sulley
347,Jacquelynn,Sked,23,Female,Biology,3.77,8/6/2019,11/22/2025,Jacquelynn Sked
348,Itch,Frantz,22,Male,Computer Science,2.13,10/30/2021,4/18/2025,Itch Frantz
349,,Swainston,23,Female,History,1.38,10/14/2021,2/19/2024,Kevyn Swainstow
350,Etienne,Goufot,18,Male,History,2.53,12/21/2021,12/4/2025,Etieune Gounot
351,Tamiko,Gisburne,22,Female,Biology,0.61,3/26/2021,10/21/2024,Tamiko Gisburne
352,Althea,Cornewall,20,Female,Compyter Science,2.24,1/13/2020,10/8/2024,Althea Cornewall
353,Fianna,Andrus,19,Female,Computer Science,1.07,2/28/2021,4/14/2023,Fianna Andrus
354,Kelby,Aberchirder,22,Male,Biology,3.19,6/10/2021,10/19/2025,Kelby Aberchirder
355,Julie,Piolli,22,Male,Biology,1.19,6/29/2019,4/11/2023,Julie Piolli
356,Lem,MacNulty,14,Male,,2.91,2/29/2020,6/4/2025,Lem MacNulty
357,Sanders,Houlton,20,Male,Biology,1.71,8/19/2019,10/30/2023,Sanders Houoton
358,Yettie,Murricanes,20,Female,History,0.89,5/27/2021,11/8/2023,Yettie jurricanes
359,Osborn,Sybbe,18,Male,Biology,1.02,9/27/2019,6/1/2025,Osborn Sybbe
360,Alia,Gobat,20,Female,Biology,3.8,7/4/2019,9/19/2025,Alia Gobat
361,Miriam,Tollmache,21,Female,Computer Science,1.12,3/15/2021,6/7/2024,Miriam Tollmache
362,Vivyanne,Allcorn,22,Genderqueer,Biology,1.55,8/17/2021,,Vivyanne Allcorn
363,Audre,Tolerton,21,Agender,Biology,0.37,12/29/2019,5/30/2025,Audre Tolerton
364,Ezmeralda,Banbrook,24,Female,Biology,1.81,8/29/2020,9/9/2024,Ezmeralda Banbrook
365,Bulg,Nernc,22,Male,History,0.43,12/20/2019,2/24/2025,Burg Nerne
366,Chloette,Elesanber,24,Female,History,2.8,4/20/2019,7/6/2024,Chloette Elesander
367,Ramonda,Ivushkin,21,Female,Computer Science,2.03,8/7/2019,7/1/2024,Ramonda Ivushkin
368,Ruddie,Hawkins,19,,History,3.0,9/7/2021,4/18/2023,Ruddie Hawkins
369,Lemuel,tyle,25,Male,Biology,1.21,12/12/2021,2/17/2025,Lemuel Pyle
370,Melanie,Goscar,22,Female,,2.3,11/16/2019,5/31/2025,Melanie Goscar
371,Faye,Dargue,22,Polygender,Hisnory,1.71,5/31/2020,6/28/2023,FayeaDargue
372,Smith,Fruser,20,Male,Biology,1.54,3/1/2019,4/25/2023,Smith Fruser
373,Jefferson,Doumic,20,Male,Computer Science,1.1,11/21/2020,8/1/2024,Jefferson Doumic
374,Christiano,Palluschek,24,Male,History,2.76,7/28/2021,6/24/2023,Christiano Palluschek
375,Roxana,,17,,Biology,0.59,9/17/2021,12/6/2023,Roxana Ceccoli
376,Amii,Monard,22,Non-binary,Biologa,1.02,5/11/2020,2/18/2024,Amii Monard
377,Fdederique,Huggin,24,Female,History,1.14,,3/31/2025,Frederique Huggin
378,Jobina,Gentlf,23,Female,Biology,0.55,8/1/2019,12/12/2023,Jobina Gentle
379,Jenna,Eden,20,Female,Historv,2.16,5/14/2020,10/22/2025,Jenna Eden
380,Piper,Iwanczyk,20,Female,History,0.75,1/13/2019,11/23/2024,Piper Iwanczyk
381,Massimaliano,D'Onisi,19,Male,Bidlogy,2.74,5/13/2021,12/16/2024,Massimiliano D'Onisi
382,Rickert,Tireman,25,Male,Biology,3.69,3/2/2020,1/29/2024,Rickert Tireman
383,Forbes,Steljes,23,Genderfluid,Biology,1.62,8/5/2021,9/26/2024,Forbes Steljxs
384,vuana,Brunsden,24,Female,Biology,0.49,12/8/2019,2/14/2023,Juana Brunsden
385,Dre,Gilchrest,23,Female,Biology,2.94,7/5/2019,7/13/2025,Dre Gilchrest
386,Callean,Weekly,20,Male,History,1.11,10/22/2021,8/31/2024,Callean Weekly
387,Cass,Sheal,16,Female,Biology,3.76,12/28/2020,12/4/2025,Cass Sheal
388,Windham,,23,Male,Biology,1.92,12/10/2021,7/29/2025,Windham Beach
389,Jenna,Embqrey,18,Female,History,3.11,11/5/2021,11/1/2024,Jenna Emburey
390,Fulton,Hammarberg,19,Genderqueer,History,2.67,11/5/2019,2/22/2024,Fulton Hammarberg
391,Westley,Hadden,25,Male,Computer Science,1.32,7/20/2020,11/16/2023,Westley Hadden
392,Alice,Redgrove,20,Female,Biology,2.48,1/10/2020,9/29/2024,Alice Redgrove
393,Edyth,Edgeley,22,Female,Biology,3.8,10/14/2020,7/15/2023,Edyth Edgeley
394,Rlbbecca,Blackburne,25,Female,History,3.97,11/23/2020,1/4/2024,Rebbecca Blackburne
395,Chrystel,Hulson,20,Non-binary,Hostory,2.44,5/1/2021,8/20/2024,Chrystel Hulson
396,Mylgs,Babrip,19,Male,Computer Science,2.9,4/4/2021,2/20/2025,Myles Batrip
397,Roselle,Geekin,28,Female,History,1.42,2/10/2020,5/19/2023,Roselle Geekin
398,Dora,Babbidge,17,Female,Biology,1.4,8/13/2019,10/5/2025,
399,Ginny,Pharaoh,19,Female,Biology,3.98,3/26/2019,10/27/2025,Ginny Pharaoh
400,Evey,Rohloff,22,Female,Biology,3.23,4/26/2020,4/17/2023,Evey Rohloff
401,Kelsey,Placidi,18,Female,Biology,0.83,11/2/2019,1/29/2025,Kelsey Placidi
402,Merrel,Spilsburie,25,Male,Computer Science,3.49,6/19/2019,3/25/2023,Merrel Spilsburie
403,Rabi,Elion,21,Male,Computer Science,3.6,1/3/2021,8/1/2025,Rabi Elion
404,Maureen,Rounsefell,22,Female,History,0.09,9/12/2019,5/2/2024,Maureen Rounsefell
405,Norrie,Gallardo,20,Polygender,Computer Science,3.62,4/20/2020,10/1/2023,Norrie Gallardo
406,Trina,Schukert,21,Female,Biology,0.9,9/7/2020,9/16/2025,Trina Schukert
407,Lu,Corton,18,Bigender,History,1.46,7/3/2019,1/23/2024,Lu Corton
408,Roy,,21,Agender,History,2.52,12/17/2020,4/22/2024,Roy Murgatroyd
409,Derk,Zanotti,18,Male,Computer Science,2.9,2/22/2023,10/12/2020,Derk Zanotti
410,Herculie,Kimmings,22,Male,,2.9,8/15/2021,3/2/2024,Herculie Kimmings
411,Lilllie,gelville,24,Agender,Computer Sciance,0.42,5/12/2019,11/4/2025,Lilllie Melville
412,Denni,Sedger,19,Female,Biology,0.2,2/5/2019,7/18/2023,Denni Sedger
413,Jacquelynn,Wardle,22,Non-binary,Computer Science,2.01,3/24/2019,10/6/2024,Jacquelynn Wardle
414,Dredi,Southon,20,Female,Hhstory,0.75,6/27/2021,10/14/2024,Dredi Southon
415,,Dijch,19,Male,History,1.51,1/3/2020,2/23/2025,Anselm Ditch
416,Wernher,Davy,24,,Computer Science,2.6,11/23/2021,5/5/2025,Wernher Davy
417,Rossy,Marval,18,Male,History,0.66,1/17/2020,6/3/2025,Rossy Marval
418,Madelon,,20,Female,Computer Science,3.28,2/9/2019,10/26/2024,Madelon Foltin
419,Gary,Langhor,21,Male,Computer Science,0.98,12/20/2021,5/20/2025,Gary Langhor
420,Ilse,Wescott,14,Female,Computer Science,2.28,12/12/2019,10/2/2023,Ilse Wescott
421,Gabriele,Geeson,23,Male,Biology,2.26,5/11/2021,11/22/2024,Gabgiele Geeson
422,Maddi,de Castelain,21,Female,Biology,1.47,3/22/2020,12/29/2025,Maddi de Castelain
423,,Lochmead,25,Non-binary,Computer Science,2.38,10/6/2021,4/18/2024,Carmelle Lochhead
424,Jack,Melmore,25,Male,Computer Science,1.98,2/27/2019,7/28/2023,JackfMelmore
425,Raul,De Winton,22,Male,History,2.65,6/3/2019,1/11/2024,Raul De Winton
426,Lusa,Schimpke,21,Female,Computer Science,3.61,2/4/2021,12/12/2024,Lusa Schimpke
427,Denna,Dellow,21,Female,Biology,3.5,12/2/2023,5/31/2020,Denna Dellow
428,Roland,Jakubowski,23,Male,Biology,2.98,1/6/2019,2/4/2025,Roland Jakubowski
429,Salim,Creigan,25,,History,2.97,6/26/2021,9/12/2023,Salim Creigan
430,Cazzie,Cobbe,25,Agender,Biology,2.34,10/10/2025,4/18/2019,Cazzie Cobbe
431,Sybil,Dryburgh,20,Agender,Biology,0.36,1/15/2021,,Sybil Dryburgh
432,Leicester,,21,Male,Computer Science,1.51,3/23/2021,,Leicester Durdan
433,Muhammad,Crimes,21,Male,Biology,2.79,3/5/2019,12/13/2024,Muhammad brimes
434,Kayne,Curteis,22,Male,eiology,2.43,8/14/2019,3/18/2023,Kayne Curteis
435,Glenden,Santen,23,Male,Biology,0.39,9/3/2021,4/19/2025,Glenden Santen
436,Gonzales,Corden,21,Male,Computer Science,1.82,,4/1/2024,Gonzales Corden
437,Willetta,Purselow,25,Genderfluid,Computer Science,2.4,7/19/2019,10/31/2023,Willetta Purselow
438,Orlan,Darby,19,Male,,2.01,12/5/2019,6/2/2025,Orlan Darby
439,Alicia,Gaven,24,Female,Computer Science,0.7,9/5/2023,12/23/2019,Alicia Gaven
440,Alfy,Celier,23,Male,Biology,2.76,7/21/2021,8/22/2025,Alfy Celier
441,,,18,Male,Computer Science,2.46,2/17/2020,3/29/2024,Forster Stitcher
442,Decca,Boneham,25,Male,Computer Science,1.62,1/25/2019,11/19/2024,Decca Boneham
443,Reyna,Genner,23,Female,Computer Science,2.05,10/10/2021,10/4/2024,Reyna Genneu
444,Bond,Noirel,18,Male,Biology,0.25,12/4/2021,12/8/2024,Bond Noirel
445,Drusi,Toffoletto,25,Female,Biology,2.28,2/25/2021,5/25/2024,Drusi Toffolntto
446,Rand,Tubbs,23,Male,Computer Science,1.55,,2/11/2023,Rand Tubbs
447,Galvax,Hardwich,24,Male,Computer Science,1.78,,11/17/2023,Galvan eardwich
448,Jennifer,Brosoli,24,Female,Bionogy,1.8,5/25/2021,3/15/2024,Jennifep Brosoli
449,Nang,Flacknoe,22,Female,Computer Science,3.76,7/26/2023,8/5/2020,Nani Flacknoe
450,Brien,Gorcke,18,Male,Biology,0.63,12/13/2020,10/27/2023,Brien Gorcke
451,Hotard,Goddard,21,Male,Computer Science,3.24,3/24/2020,4/8/2024,Howard Goddard
452,Gabe,Exblow,21,Male,Computer Science,2.02,7/27/2020,,Gabe Emblow
453,Cord,Giacovetti,24,Genderfluid,Biology,2.82,9/20/2020,4/28/2025,Cord Giacovetti
454,Arther,Schruurs,23,Male,biology,0.69,8/13/2020,9/30/2024,Arther Schruurs
455,Dalenna,Crighton,23,Female,Biology,3.68,6/13/2021,8/21/2023,Dalenna Crightwn
456,,Youster,21,Female,Computer Science,0.81,5/22/2021,7/11/2024,Fiann Youster
457,Joycelin,Fawlks,24,Genderqueer,Computer Science,3.2,1/6/2021,11/11/2025,Joycelin Fawlks
458,Kristine,Whitty,21,,Biology,1.23,7/7/2019,10/11/2024,Kristine Whitty
459,Ogdon,,20,Male,History,1.26,9/21/2019,3/6/2024,Ogdon Mitham
460,Thaddus,McGuigan,22,Male,,2.25,1/15/2019,5/5/2023,Thaddus McGuigan
461,Finley,,22,Male,Computer Science,2.27,3/3/2021,11/25/2024,Finley Blackman
462,,,22,Female,History,0.78,3/5/2021,3/7/2023,Christiane Petofi
463,Isaac,Lapthorne,25,Male,Biology,1.95,2/16/2019,5/24/2023,Isaac Lapthorne
464,Merell,Barnardo,18,Male,,2.34,1/22/2019,12/10/2023,Merell Barnardo
465,Bank,MaqSween,19,,History,2.93,7/22/2020,6/24/2025,Bank MacSween
466,Keenan,Doniso,24,Male,History,0.64,3/4/2021,12/13/2025,Keenan Doniso
467,Jeremy,Ferryman,25,Male,Biology,1.19,5/14/2021,4/30/2025,Jeremy Ferryman
468,Joshia,Patrone,18,Male,Biology,2.06,2/19/2021,4/6/2024,Joshia Patrone
469,Jwyne,,24,Female,History,0.84,12/24/2019,12/1/2024,Jayne Bower
470,Archibaluo,Cawsey,23,Male,Biology,3.68,4/13/2019,3/24/2024,Archibaldo Cawsey
471,,McAvinchey,25,Male,,2.45,7/3/2020,,Edd McAvinchey
472,Nataniel,Thickins,24,Male,Computer Science,0.06,12/8/2019,10/16/2023,
473,Ryun,Aldie,19,Male,Computer Science,2.04,3/6/2020,7/30/2025,Ryun Aldie
474,Marissa,Von Dqr Empten,19,Female,Computer Science,1.75,6/4/2019,3/29/2024,Marissa Von Der Empten
475,Lu,Robertet,21,Female,History,3.39,9/26/2020,2/16/2024,Lu Robertet
476,Tulley,Baughen,20,Male,History,0.82,2/28/2021,10/19/2024,
477,Ferne,Seckington,23,Female,Computer Science,3.93,,6/1/2023,Ferne Seckington
478,Quincey,Golthorpp,18,Male,Biology,2.56,7/31/2020,12/23/2024,
479,,Joutapaitis,23,Male,Biology,0.58,6/16/2025,11/21/2019,Winthrop Joutapaitis
480,Mehetabel,Duwram,18,Female,Biology,1.45,5/3/2021,4/22/2025,Mehetabel Durram
481,Karua,Rillatt,24,Female,History,2.69,9/15/2020,11/30/2023,Karna Rillatt
482,Garwin,Whieldon,22,Male,Biology,0.23,11/2/2021,11/10/2024,Gnrwin Whieldon
483,Alia,,22,Female,History,1.35,,9/17/2025,Alia Alger
484,Cozmo,Medendorp,18,Genderfluid,History,3.38,3/25/2021,4/18/2025,
485,Eustacia,Keggins,21,Female,Biology,1.7,6/18/2019,5/17/2023,Eustacia Keggins
486,Brit,,21,Male,Computer Science,1.63,5/17/2020,8/20/2024,Brit Eseler
487,,Ferrara,24,Female,Computer Science,0.75,4/4/2021,1/20/2025,Katee Ferrara
488,Yorgo,Maund,24,Male,Computer Science,2.25,11/14/2019,8/18/2023,Yorgo Maund
489,Oliviero,Bratton,20,Male,Biology,1.73,2/7/2020,1/16/2025,Oliviero Bratton
490,Shirllne,Hawlgarth,25,Female,Hiutory,3.78,12/30/2020,4/7/2023,Shirlene Hawlgarth
491,Des,Deroche,19,Genderfluid,Biology,0.25,6/11/2025,7/24/2021,Des Deroche
492,Guilbert,Silcocks,20,Genderfluid,Biology,2.21,7/21/2021,4/1/2024,Guilbert Silcocks
493,Rebeka,MacKissack,21,Female,Biology,0.18,7/4/2020,7/18/2024,Rebeka Maclissack
494,Hnrton,Hymans,23,Male,Computer Science,0.86,6/26/2021,11/15/2024,
495,Marna,MacRory,23,Agender,History,3.19,3/31/2019,6/12/2024,Marna MacRory
496,Ethel,Ranyard,26,Female,Biology,3.2,10/30/2020,1/26/2023,Ethel Ranyard
497,Elva,Heake,22,Female,Computer Science,2.64,11/29/2020,3/23/2024,Elva Heake
498,Zandra,Robak,30,Agender,Biology,0.6,5/16/2019,7/2/2023,Zandra Robak
499,Jennica,Bathurst,22,Female,Biology,1.17,11/18/2021,2/25/2024,Jennica Bathurst
500,Marie-jeanne,Walbh,23,Female,History,3.5,,5/24/2025,Marie-jeanne Walby
501,Ernie,,24,Male,Biology,0.53,2/10/2021,9/18/2023,Ernie Dorkins
502,Grissel,,21,Female,History,3.93,12/7/2021,4/27/2024,
503,Ernestine,Poulter,23,Agender,Computer Science,3.25,5/15/2020,10/27/2024,Ernestine Poulter
504,Gertrude,Tomkiss,20,Female,Biology,0.33,1/12/2020,6/25/2023,Gertrude Tomkiss
505,Kellsie,Christie,21,Female,History,2.67,4/20/2020,9/1/2025,Kellsie Christie
506,Alexandr,Josipovitz,21,Male,Biology,0.82,2/23/2020,1/20/2024,Alexandr Josipovitz
507,Maureene,Chisman,21,Female,History,2.73,6/11/2020,3/23/2025,Maureene Chisman
508,Cheri,Leasor,25,Female,Biology,0.14,2/13/2019,5/11/2024,Cheri Leasor
509,Kit,Goodridge,24,Female,Computer Science,1.91,2/13/2025,5/3/2020,Kit Goodridge
510,Eada,Machel,22,Female,Computer Science,0.74,,2/19/2023,Eada Machel
511,Lykn,eneile,19,Female,History,1.05,3/16/2019,12/18/2023,Lynn Oneile
512,Ferdy,Illem,20,Male,,0.56,9/2/2021,11/23/2024,Ferdy Illeb
513,Alvie,Fudger,19,Male,Biology,3.03,,,Alvie Fudger
514,Mariette,Saintsbury,18,,Biology,0.91,3/7/2019,11/18/2025,Mariette Saintsbury
515,Etty,Fawltey,21,Female,Biology,1.7,5/8/2021,10/12/2023,Etty Fawltey
516,Alix,Viger,24,Female,Biology,0.89,2/11/2019,11/24/2025,Alix Viger
517,Ursa,Czajkowski,24,Female,Computer Science,3.56,2/9/2019,6/24/2024,Ursa Czajkowski
518,Paulina,Henaughan,21,Female,fiology,1.35,2/15/2020,4/20/2024,Paulina Henaughan
519,Mari,Curye,21,Female,History,1.69,9/29/2020,2/28/2023,Mari Curee
520,Averil,Audenis,19,,,2.88,8/28/2025,10/8/2020,Averil Audenis
521,Skip,Rains,19,Polygender,Computer Science,1.51,11/20/2020,,Skip Rains
522,Wileen,Bracegirdle,18,Female,pomputer Science,0.46,2/4/2021,5/5/2025,Wileen Bracegirdle
523,Gabriello,McErlaine,22,Male,Biology,1.68,1/12/2021,3/30/2025,Gabriello McErlaine
524,Prvston,Pocopke,21,Male,Biology,4.0,2/13/2020,11/17/2023,Preston Pococke
525,Leeland,Brogden,18,Male,Biology,0.25,11/9/2021,9/22/2025,Leeland Brogden
526,Marin,MacColl,14,Female,,3.13,11/17/2020,12/24/2023,Marin MacColl
527,Betsy,Trevarthen,19,Female,Biology,2.34,5/25/2020,12/15/2025,Bewsy Trevarthen
528,Manfred,,25,Male,Computer Science,0.67,7/24/2021,9/9/2025,Manfred Bilovus
529,Claribel,Rooksby,18,Female,Computer Science,3.8,5/9/2021,2/17/2024,Claribel Rooksby
530,,Battey,20,Male,History,0.69,10/11/2019,,Leonhard Battey
531,Ashil,Doerrling,19,Female,Computer Science,3.42,12/8/2019,11/8/2024,Ashil Doerrling
532,Ad,Lukianov,23,Bigender,History,3.96,2/12/2019,3/23/2023,Ad Lukeanov
533,Shnridan,Crowth,23,Male,,1.84,8/6/2021,12/26/2025,Sheridan Crowth
534,Lorrayne,Klimentov,24,Female,History,2.62,11/19/2021,12/20/2024,Lorrayne Klimentov
535,Alexandrina,Wilde,22,Female,History,3.75,5/13/2019,3/4/2024,Alexandrina Wilde
536,Konstanze,Litster,21,Female,Biology,3.58,12/14/2021,12/18/2024,
537,Simon,Scotchbrook,23,Male,Computer Science,1.76,1/1/2019,8/29/2023,Simon Scotchbrook
538,Kelsy,Dunsmuir,21,Female,Computer Science,2.18,7/23/2021,10/24/2023,pelsy Dunsmuir
539,Dix,Vondrasek,25,Female,History,0.46,8/15/2019,5/6/2024,Dix Vondrasek
540,Trixy,Chiommiwnti,18,Female,ComputeroScience,2.78,6/4/2020,1/15/2025,Trixy Chiommienti
541,Selestina,Embury,20,Female,Computer Science,2.57,9/4/2019,,
542,Godwin,Champerlen,24,Male,Computer Science,0.65,1/8/2021,12/11/2024,Godwin Champerlen
543,Merl,Hainlie,21,Female,Biology,3.22,8/7/2021,12/26/2024,Merl Haitlie
544,,MacGowing,30,Female,Computer Science,1.17,9/4/2021,6/11/2024,Ferdinande MycGowing
545,Lorne,Marchment,21,Female,History,2.05,3/3/2020,8/24/2025,Lorne Marchment
546,Livvie,Bastow,19,Female,Computer Science,1.85,9/25/2019,8/29/2024,Livvie Bastow
547,barlyn,Doge,22,Agender,History,0.18,2/24/2021,9/4/2023,Marlyn Doge
548,Melisande,Smither,20,Female,History,2.25,8/12/2019,1/19/2023,Meliaande Smither
549,Deanna,,25,Female,Computer Science,2.73,5/6/2019,7/20/2024,Deanna MacKee
550,Jason,Hachette,24,Male,,1.25,4/25/2019,7/17/2024,Jason Hachette
551,Janice,Bussey,19,Female,History,3.6,6/4/2021,3/23/2024,Janice Bussey
552,Dell,qante,18,Female,Computer Science,1.76,2/20/2019,2/8/2023,Dell Sante
553,Antonetta,Brokenshire,19,Female,Computer Science,3.98,,9/4/2025,Antonetta Brokenshire
554,Marchall,Ashbrook,23,Male,Biology,2.97,11/28/2019,1/2/2024,Marchall Ashbrook
555,Gradeigh,Reeduhaw,23,Male,History,2.52,9/21/2019,5/16/2025,Gradeigh Reedshaw
556,Ambrosio,Matysiak,22,Male,Computer Science,1.89,2/11/2021,1/4/2024,Ambrosio Matysiak
557,Nate,Issatt,21,Male,ComputerqScience,0.52,5/21/2020,7/21/2023,Nate Issatt
558,Emalee,Dodwell,25,Female,Computer Science,3.25,9/14/2021,,Emalee Dodwell
559,Yul,McQueen,30,Male,Biology,3.14,9/26/2020,3/1/2024,Yul McQueen
560,,Manuele,22,Male,History,1.23,7/16/2019,1/28/2023,Burg Manuele
561,Caz,Threadgill,18,Male,Computer Science,1.5,5/20/2020,6/3/2023,Caz Threadgill
562,Hermie,Vopght,24,Male,Biology,3.7,11/26/2021,4/10/2025,Hermie Vooght
563,Nappie,Parriss,25,Male,Biology,0.56,4/30/2019,8/27/2023,Nappie Parriss
564,Berny,Noto,25,,Biology,0.87,5/1/2020,2/9/2025,Berny Noto
565,Konstance,Bonicelli,24,Female,Computer Science,3.33,6/16/2021,11/16/2024,Konstance Bonicelli
566,Dionysus,Dewsnap,18,Male,History,0.81,4/4/2021,11/5/2024,Dionysus Dewsnap
567,Theodoric,Rountrec,20,Male,Computer Science,2.28,,6/16/2023,Theodoric Rountree
568,Jareb,Strettelf,19,Male,Biology,1.36,,4/13/2024,Jareb Strettell
569,,Dowry,24,Male,History,0.01,1/4/2021,5/30/2025,Waiter Dowry
570,Theodor,Jarnell,20,Male,Biology,0.13,10/26/2020,10/31/2024,TheodoreJarnell
571,Lucienne,Clayworth,23,Female,Biology,1.42,12/18/2019,4/30/2025,Lucienne Clayworth
572,Elwyn,Spanswick,19,Male,Computer Science,2.61,5/25/2020,8/3/2023,Elwyn Spanswick
573,Pearl,Mickleburgh,19,Female,Computer Science,1.01,5/18/2021,8/15/2023,Pearl Mickleburgh
574,Ferne,Mickleburgh,22,Female,Biology,2.53,6/12/2020,1/18/2025,Ferne Mickleburgh
575,Augustina,Jerratsch,21,Female,Computer Science,3.06,10/24/2020,8/6/2024,Augustina Jerratsch
576,Crista,Helwig,22,Female,History,2.54,,9/19/2024,Crista Helwig
577,Venita,Bernardon,19,Female,Biology,0.85,12/25/2020,4/22/2023,Venita Bernardon
578,Kristan,Jesse,20,Female,Computer Science,2.38,10/20/2020,5/25/2023,Ktistan Jesse
579,Betti,Scurg,23,Female,Biologw,2.41,4/7/2021,7/12/2025,Betti Scurr
580,Margaret,Cucinotta,24,Female,History,3.19,7/15/2019,3/16/2023,Margaret Cucinotta
581,Isis,Elan,24,Female,Computer Science,2.78,1/10/2019,12/26/2023,Isis Elan
582,Felix,Kock,23,Male,Computer Science,1.2,6/17/2020,7/27/2023,Felix Kocg
583,Joan,Bennedsen,23,Genderfluid,Computer Science,3.62,10/4/2020,4/30/2024,Joan Bennedsen
584,Jennica,Lestur,20,Female,Computer Science,1.94,6/17/2020,5/6/2024,Jennica Lester
585,,borchardt,20,Male,Biology,0.68,3/20/2019,7/16/2025,Chuck Borchardt
586,Con,,20,Male,Computer Science,1.69,5/5/2020,10/26/2025,Con Ding
587,Selinn,Ash,19,Female,History,2.33,12/9/2019,,Seline Ash
588,,Yurlov,24,Male,Computer Science,3.14,7/15/2019,12/16/2025,Mitchell Yurlov
589,Milly,Plett,22,Female,Computer Science,3.72,1/1/2019,11/9/2024,Milly Plett
590,Julius,Ten Broek,21,Male,History,0.39,5/25/2021,11/25/2024,Julius Ten Broek
591,Shirleen,Planks,21,Female,History,1.65,12/14/2019,3/19/2024,Shirleen Planks
592,Dario,Vernazza,23,Male,History,4.04,1/8/2019,4/20/2024,Dario Vernazza
593,Evne,Brewood,21,Female,Computer Science,1.75,7/18/2020,8/6/2025,Evie Brewood
594,Meta,De Benedetti,23,Female,Biology,1.02,9/5/2021,4/30/2025,Meta De Benedetti
595,Meryl,O'Feeney,23,Female,Computer Science,0.91,8/22/2019,4/28/2024,Meryl O'Feeney
596,Pren,McFeat,20,Male,Computer Science,3.77,,7/12/2025,Pren McFeat
597,Devland,Bromet,23,Bigender,History,3.59,8/24/2019,5/6/2024,Devland Bromet
598,Randie,Giamelli,25,Male,Hidtory,2.94,9/15/2024,5/22/2019,Randie Giamelli
599,Calley,Ticic,24,Female,History,1.46,1/18/2019,12/3/2023,Calley Ticic
600,Talbert,Platt,25,,Computer Science,0.74,7/6/2019,12/23/2024,Talbera Platt
601,Leanna,Gookey,25,Female,Computer Science,0.93,12/9/2020,4/14/2024,Leanna Gookey
602,Elysha,Sparshott,18,Female,History,3.75,10/29/2021,11/15/2023,Elysha Sparshott
603,Haslett,Panketh,19,Male,Biology,2.32,10/15/2020,3/31/2024,Haslett Panketh
604,Cordewia,Leber,23,Female,History,2.22,10/8/2021,8/14/2023,
605,Angele,Stiffell,18,Female,Computer Science,1.16,9/30/2020,12/31/2024,Angele Stiffezl
606,Niko,Fintoph,24,Male,History,0.81,10/29/2023,12/18/2020,Niko Fintoph
607,Emile,okewes,24,Male,History,2.57,5/1/2020,10/31/2025,Emile Skewes
608,Lillian,Chell,23,Female,Computer Science,3.82,8/27/2019,11/19/2023,Lillian Chell
609,Bernete,Cussons,24,Female,Biology,2.45,,10/19/2024,Bernete Cussons
610,Etta,Millican,24,Female,Biology,2.91,12/29/2020,3/6/2025,Etta Millican
611,Willie,Margiotta,24,Male,Biology,1.26,,9/30/2023,
612,Bobby,Fowle,22,Male,Computer Science,1.1,8/1/2019,9/20/2023,Bobby Fowle
613,Fraqda,McCord,18,Female,History,3.77,,2/4/2025,Frayda McCord
614,Blakeley,Skoughman,20,Female,Computer Science,3.35,2/26/2021,11/17/2025,Blakeley Skoughman
615,Cinda,Englishby,19,Female,Biology,3.2,7/30/2020,,Cinda Englishby
616,Wyn,Gorry,23,Male,History,1.14,5/28/2019,10/18/2024,Wyn Gorry
617,Bertrand,Skougl,22,Male,History,2.87,2/16/2020,10/27/2025,
618,Caddric,Overshott,22,Male,Biology,0.95,2/8/2019,,Caddric Overshott
619,Cobb,Mowling,21,Male,History,2.68,3/28/2019,3/6/2023,Cobb Mowling
620,Roxy,,22,Female,Computer Science,1.88,1/8/2021,4/10/2025,Roxy Monteith
621,,Harses,24,,History,3.13,2/2/2020,8/18/2024,Gerhard Harses
622,Heidi,Stiit,19,Polygender,Biology,0.62,9/8/2021,6/25/2023,Heidi Stait
623,Hortensia,Farny,20,Female,History,0.66,11/21/2021,12/2/2025,Hortensia Farny
624,Marty,Kulic,24,Female,Computer Science,0.45,3/7/2020,2/25/2023,Marty Kulic
625,Frasquito,Bowcd,21,Male,Historq,3.82,1/3/2019,10/13/2025,Frasvuito Bownd
626,Midge,Rohlfing,24,Female,History,0.52,1/14/2020,11/22/2024,Midge Rohlfing
627,,Roantree,21,Male,Computer Science,2.71,11/27/2020,5/10/2024,Edwin Roantree
628,Barny,Lamshead,25,Male,Computer Science,0.09,12/11/2020,4/6/2023,Barny Lamshead
629,Gunar,Culy,18,Male,History,0.76,11/26/2019,6/5/2024,Gunar Culy
630,oathan,Booler,25,Male,Computer Science,1.08,8/22/2021,4/29/2025,Nathan Booler
631,Cilka,,23,Female,Biology,3.72,6/2/2019,10/12/2023,Cilka Yurkin
632,Broddie,Quinion,28,Genderqueer,History,2.77,11/15/2020,4/23/2024,Broddie Quinion
633,Joni,Garz,20,Female,Biology,1.11,12/13/2021,1/20/2025,Joni Garz
634,Marketa,Bonevant,24,Female,History,2.24,10/29/2021,6/12/2024,Marketa Bonevant
635,Berrie,Dusting,24,Female,Hiswory,0.51,12/8/2023,12/5/2020,
636,,Buie,21,Female,Biology,2.51,5/8/2019,2/18/2023,Lyndsey Buie
637,Charlottw,Heffernan,14,Female,History,2.25,1/22/2020,5/3/2025,Charlotte Heffernan
638,Griff,Eeles,24,Male,Computer Science,0.54,11/16/2021,9/22/2024,Griff Eeles
639,Maurise,Barkshire,19,Male,Buology,0.22,12/25/2021,7/16/2025,Maurise Barkshire
640,Danyelle,Echalie,19,Female,Computer Science,1.1,8/19/2020,5/9/2024,
641,Rennie,Scrowston,18,Female,History,1.58,10/19/2019,3/3/2024,Rennie Scrowiton
642,Rochette,Castles,21,Female,Biology,2.04,8/15/2020,8/3/2024,Rochette Castles
643,Costa,Caff,20,Male,Computer Science,1.43,12/11/2020,1/29/2024,Costa Caff
644,Bud,Tibbled,18,Male,Biology,0.82,11/12/2021,12/21/2023,BuduTibbles
645,Laughton,Sisnett,20,Male,History,1.88,10/16/2021,11/21/2025,Laughton Sisnett
646,Niles,,24,,History,1.37,10/13/2021,7/6/2025,Niles Oldridge
647,Fitzgerald,Wallbridge,25,Male,Biology,0.2,3/24/2020,3/24/2023,Fitzgerald Wallbridge
648,oicolas,Sherred,22,Male,Biology,4.01,6/29/2019,6/24/2025,Nicolas Sherred
649,Karin,Hansmann,18,Female,,3.56,3/15/2021,12/10/2023,Karin Hansmann
650,Hashim,Lorkins,27,Male,Biologn,1.59,4/22/2020,8/29/2024,Hashim Lorkins
651,Bruce,Treagust,23,Male,Computer Science,3.44,,7/15/2023,Bruce Treagust
652,Kaile,McGucken,21,Female,History,0.46,6/9/2021,4/16/2023,Kaile McGucken
653,Galven,Jellis,25,Male,Bivlogy,0.98,12/23/2020,2/4/2023,
654,Kevon,Caustick,24,Male,Biology,1.25,1/24/2020,7/27/2024,Kevon Caustick
655,Homer,Marqyes,23,Male,Biology,0.38,12/18/2021,8/28/2025,Homer Marqyes
656,Donnajeap,Houndesome,24,Genderfluid,History,1.07,3/21/2020,11/10/2023,Donnajean Houndesome
657,Felic,Stummeyer,18,Male,Computer Science,0.34,8/8/2019,2/5/2024,Felic Stummeyer
658,Glennis,Le Noir,21,Female,Biology,1.61,12/2/2019,4/24/2024,
659,Mareah,Sparsholt,20,Female,Computer Science,1.82,5/18/2020,11/2/2025,Mareah Sparsholt
660,Wildon,Thring,25,Male,,0.94,6/9/2019,2/18/2025,Wildon Thring
661,Shawn,Liquorish,25,Female,Biology,1.94,11/9/2020,11/28/2024,
662,Tiffi,Cotes,21,Genderfluid,History,3.49,2/4/2021,9/16/2023,Tiffi Cotes
663,,Binner,23,Female,History,0.5,7/22/2023,11/25/2021,
664,Broddy,Belt,25,Male,Biology,0.09,5/17/2020,9/22/2023,Broddy Belt
665,Drucill,Blannin,20,Female,Computer Science,2.9,2/5/2021,1/8/2023,Drucils Blannin
666,Barth,Winspurr,20,Male,Computer Science,3.24,10/4/2021,9/21/2023,Barth Wiqspurr
667,Ephrem,Hillaby,30,Male,Biology,1.81,2/5/2021,6/22/2024,Ephrem Hillaby
668,Maegan,Brownfield,20,Female,History,1.15,6/16/2021,4/12/2025,Maegan Brownfield
669,Padget,Cosgry,20,Male,History,0.14,5/23/2019,5/23/2023,Padget Cosgry
670,Konstantine,Pedri,22,Male,History,0.49,3/9/2019,10/27/2024,Konstantine Pedri
671,Nicolas,Lace,22,Male,Biology,2.88,4/28/2019,12/5/2024,Nicolas Lace
672,Twila,Lowther,25,Female,Computer Science,3.61,3/9/2020,2/4/2025,Twila Lowther
673,Sven,Antoszewski,18,Male,History,0.62,6/13/2019,6/5/2025,Sven Antoszewski
674,Natasha,Abramovicz,18,,History,2.2,5/16/2019,,Natasha Abramovicz
675,Pollyanna,Paslow,19,,History,1.81,9/17/2021,7/24/2025,Pollyanna Paslow
676,Misti,Bjerkan,19,,Computer Science,1.67,11/30/2020,8/30/2025,histi Bjerkan
677,,Dayer,18,Male,Biology,1.97,7/18/2023,3/9/2021,Andrey Dayer
678,Verna,Chaplin,23,Female,Computer Science,2.26,10/16/2021,9/21/2024,Verna Chaplin
679,Reynard,Seiler,23,Male,Biology,3.43,3/20/2021,7/14/2023,Reynard Seiler
680,Roselia,Tongue,18,Female,Computer Science,2.85,11/6/2021,10/16/2023,Roselia Tojgue
681,Jobie,Hatherill,21,Female,History,2.81,1/21/2019,10/18/2025,Jobie Hatherill
682,Ned,Covil,24,Male,Computer Science,3.8,1/13/2020,4/30/2025,Ned Covil
683,Amye,Peinke,24,Female,Biology,3.63,6/4/2020,12/4/2023,Amye Peinke
684,Aveline,Anthes,20,Female,,0.03,1/8/2020,2/23/2024,Aveline Anthes
685,Alexandrina,,21,Female,Biology,3.86,3/17/2019,8/10/2024,Alexandrina Finneran
686,Jareb,Larne,18,Male,Computer Science,1.49,4/29/2020,1/11/2023,Jareb Larne
687,Justino,Balaisot,25,Male,History,0.91,10/30/2019,12/14/2023,Justino Balaisot
688,Louisette,Flament,20,Female,Biulogy,2.91,1/8/2020,7/22/2024,Louisette Flament
689,Ware,Revie,26,Male,History,3.75,4/24/2019,8/5/2024,Ware Revie
690,Gretel,Richardes,19,Female,Biology,0.26,2/27/2021,3/26/2025,Gretel Richardes
691,Jess,Casacchia,20,Female,History,3.41,1/27/2019,2/20/2023,Jess Casacchia
692,Annalise,Pietruszewicz,18,Female,History,2.93,3/3/2021,6/14/2025,
693,Evpleen,Emanuele,19,Female,Computer Science,0.53,,4/6/2023,Eveleen Emanuele
694,Maribelle,Cosyns,18,Genderfluid,,0.3,9/28/2019,9/2/2025,Maribelle Cosyns
695,Saraann,Kenright,20,Genderqueer,Biobogy,3.32,8/15/2019,1/17/2025,Saraann Kenright
696,Karon,L'Episcopio,20,Female,History,2.83,5/27/2019,6/23/2023,Karon L'Episcopio
697,,,23,Female,Computer Science,3.14,2/8/2021,9/28/2024,Nelle Godball
698,Hester,Crix,20,Female,Computer Science,3.7,5/24/2019,,Hester Crix
699,,Angeau,25,Male,Computer Science,0.82,1/17/2021,7/17/2024,Rudy Angeau
700,Hans,Attfield,24,Non-binary,History,1.48,,5/24/2025,Hans Attfield
701,Paxon,Linsay,22,Male,Biology,1.12,6/30/2021,,Paxon Linsay
702,Tina,Bewick,18,Female,History,3.31,12/13/2021,1/2/2025,Tina Bewick
703,Sadt,Sinclaire,21,Bigender,Biology,1.78,6/23/2019,4/26/2023,
704,Jeannie,Syddie,25,Female,Biology,3.67,12/10/2019,1/26/2025,Jeannie Syddie
705,Jeralee,Scare,24,Female,Coqputer Science,2.24,10/11/2020,10/30/2023,Jeralee Scare
706,Pearle,Trippitt,21,Genderfluid,History,0.52,8/21/2025,3/25/2020,Pearle Trippitt
707,Rosaleen,Holburn,25,Female,Computer Science,1.12,3/12/2021,10/16/2023,Rosaleen Holburn
708,zlemmie,Hunnicutt,18,Male,Computel Science,3.43,6/30/2019,8/18/2023,Clemmie Hunnicutt
709,Florentia,yeus,22,Female,Computer Science,2.45,2/18/2019,10/31/2023,Florentia Meus
710,Hamlin,Torrance,24,Male,Biology,0.23,2/24/2019,2/8/2023,
711,Corrunne,Kedwell,23,Female,Biology,3.39,4/30/2020,4/15/2023,Corrinne Kedwell
712,Aldon,Gristwood,23,Male,,0.02,1/27/2019,4/18/2023,Aldon Gristwood
713,Ari,Gracey,24,Male,Computer Science,3.11,10/30/2019,11/25/2024,Ari Gracey
714,Caz,Gillogley,25,Male,History,0.77,6/4/2020,2/11/2023,Caz Gillogley
715,Jeff,Durkin,21,,giology,3.67,2/4/2025,4/2/2019,Jeff Durkin
716,Vi,Ead,20,Female,Computer Science,-0.34,3/7/2021,3/1/2023,Vi Ead
717,Chariot,Lofting,21,Male,History,1.52,11/24/2019,2/20/2024,Chariot Lofting
718,Quintina,Mcrullen,18,Female,History,3.29,11/8/2021,12/3/2023,Quintina McCullen
719,Edi,Sondland,19,Female,History,1.7,3/11/2019,3/23/2025,
720,Richmond,Dickin,24,Male,Biology,1.5,9/16/2021,3/9/2023,Richmond Dickin
721,,Gilliver,24,Female,History,3.34,11/28/2019,4/1/2024,Marika Gilliver
722,Giraud,Birchenough,18,Genderfluid,Biology,3.98,6/12/2019,12/21/2025,Giraud Birchenough
723,Hallie,Sexcey,23,Female,History,0.71,8/15/2020,5/20/2025,Hallie Sexcey
724,Larry,,19,Male,History,2.46,1/21/2021,11/9/2025,Larry Bushnell
725,Andreas,Aspinall,24,Male,oiology,3.13,1/23/2019,4/19/2025,Andreas Aspinall
726,Colas,Pantone,18,Male,Biopogy,1.57,11/18/2020,11/25/2023,Colas Pantone
727,Lavina,Surmeir,18,Female,History,1.24,6/24/2019,4/6/2023,Lavina Surmeir
728,Brendan,Karle,22,Male,Computer Science,0.61,1/8/2019,8/4/2024,Brendan Kirle
729,Jarret,Sellack,25,Male,Hibtory,1.19,9/2/2020,3/12/2023,carret Sellack
730,Shandee,Minnis,23,Female,Biology,1.68,7/20/2021,7/12/2023,Shandee Minnis
731,Jackie,,22,Female,Biology,0.53,9/27/2019,5/16/2025,Jackie Stayte
732,Ericha,Hefferon,24,Female,Biology,3.65,1/2/2021,9/2/2025,Ericha Hefferon
733,Koenraad,Ogan,24,Bigender,Computer Science,1.16,9/18/2025,5/1/2020,Koenraad Ogan
734,Roxie,Tuley,21,Female,,2.38,1/3/2021,1/29/2025,Roxie Tuley
735,Michaeline,Spindler,25,Female,Computer Science,3.29,8/12/2019,10/25/2023,Michaeline Spindler
736,Bartholomhw,Finey,25,Male,Biology,1.62,11/28/2020,7/24/2025,Bartholomew Finey
737,Gil,Girardey,18,Male,Computer Science,2.17,5/12/2021,,Gil Gtrardey
738,Myrtie,Rekbrandt,19,Non-binary,History,3.56,5/4/2019,10/22/2023,Myrtie Rembrandt
739,Goldy,Ivory,21,,Biology,1.44,8/10/2020,6/15/2023,poldy Ivory
740,Kev,Kondratovich,22,Male,History,0.36,,11/17/2025,Kev Kondratovich
741,Hamlin,Ivanuschka,22,,History,0.64,9/24/2020,10/23/2023,Hamlin Ivanuschka
742,Dolores,Dinan,23,Female,Biology,2.59,10/30/2019,6/4/2023,Dolores Dinan
743,Breanne,McKeand,22,Female,Biology,2.09,3/8/2020,5/28/2025,Breanne McKeand
744,Theodosia,Flory,25,Non-binary,Biology,2.69,1/18/2019,7/30/2025,Theodosia Flozy
745,Del,Dooher,23,Male,History,1.81,4/15/2021,4/8/2023,Del Dooher
746,Katey,Blower,23,Female,History,3.96,8/15/2020,12/17/2023,Katey Blower
747,Salmon,Skaymap,25,Bigender,Biology,1.46,10/1/2021,4/11/2025,Salmon Skayman
748,Bancroft,Knowller,22,Male,Biology,3.65,3/29/2020,6/18/2025,Bancroft Knowller
749,Alexia,Forte,19,Female,Biology,0.46,8/31/2023,5/16/2020,
750,Silvain,,20,Agender,Biology,1.46,10/26/2025,10/4/2019,Silvain Siemantel
751,Demetre,Qualtro,25,Male,Computer Scienhe,1.6,12/11/2021,7/24/2024,
752,Estell,Beaford,25,Female,Biology,1.88,2/17/2019,5/3/2023,Estell Beaford
753,,Sbatton,25,Male,History,2.9,11/14/2020,10/16/2025,Drugi Statton
754,Kayla,Briatt,25,Female,Biology,2.67,9/12/2021,,
755,Arliene,Bendin,20,Female,History,2.44,9/30/2021,,Arliene Bendin
756,Josefina,Philipard,20,Polygender,Computer Science,0.62,6/13/2021,7/10/2023,Josefina Philipard
757,Brandea,Kernell,18,Female,Computer Science,1.09,7/3/2020,1/28/2024,Brandea Kernell
758,Ross,Straun,20,Male,Biology,2.84,11/2/2019,4/17/2025,Ross Straun
759,Melly,,19,Female,Csmputer Science,1.01,7/23/2020,10/3/2024,Melly Cicculini
760,Joscelin,Swyn,19,Female,History,2.79,5/9/2020,7/29/2025,Joscelin Swyn
761,Howie,Canas,23,Agender,Biology,0.72,2/5/2020,9/17/2025,Howie Canas
762,Nicholq,Kores,25,Genderfluid,bomputer Science,3.1,1/22/2020,9/17/2024,Nichols Kores
763,Kellina,De Leek,18,,,1.74,12/24/2021,2/28/2023,Kellina De Leek
764,Arleen,Daubney,18,Female,xiology,2.23,6/29/2019,12/14/2024,Arleen Daubney
765,Phyllys,Marchbank,20,Female,Biology,3.12,9/29/2021,8/8/2023,
766,Alvy,Brandi,25,Non-binary,Biology,1.9,7/15/2020,2/2/2025,Alvy Brendi
767,Millie,Chidgey,25,Female,Hcstory,2.21,1/30/2021,7/6/2024,Millie Chidgey
768,,Stoute,19,Female,Biology,1.92,2/17/2020,2/21/2025,Lorelei Stoute
769,Kakalina,Usmar,24,Female,History,2.37,,6/19/2025,Kakalina Usmar
770,Issi,Shyres,24,Female,Hisgory,2.71,9/12/2020,9/14/2025,Issi Shyres
771,Riki,Siret,20,Female,Computer Science,2.26,4/2/2020,2/5/2025,Riki Siret
772,Claudina,Di Franceschi,20,Genderfluid,History,1.64,11/28/2021,5/17/2023,Claudina Di Franceschi
773,Aila,de Najera,23,Female,,2.11,1/12/2021,6/1/2024,Aila de Najera
774,Holly,Crass,24,Non-binary,Biology,3.83,6/24/2021,9/5/2023,Holly Crass
775,Tabbitha,Entwistle,22,Bigender,Computer Science,3.94,3/26/2020,8/8/2023,Tabbitha Entwistle
776,Nestor,Errichiello,23,Bigender,History,1.46,1/31/2021,11/6/2023,Nestor Errichiello
777,Dalston,Walkden,19,Male,History,0.84,12/7/2021,4/16/2025,Dalston Walkden
778,Raul,Duinkerk,20,Male,History,1.67,1/23/2019,7/24/2025,
779,Tris,Nerney,24,Male,Computer Science,1.52,3/10/2020,11/20/2023,Tris Nerney
780,Kahhleel,Wimpress,23,,Computer Science,0.11,2/17/2021,1/9/2024,Kahaleel Wimpress
781,Noe,Manseo,25,Non-binary,Biology,2.2,8/28/2019,1/30/2024,Noe Maqsel
782,Murry,,21,,Computer Science,3.05,1/26/2021,6/20/2023,Murry Becraft
783,Brier,Klasen,19,Genderqueer,Computer Science,0.39,10/14/2019,3/2/2023,Brier Klasen
784,Rene,Applin,19,Female,History,3.66,5/25/2019,7/21/2023,Rene Applin
785,Talbert,Philps,25,Male,Biology,1.63,12/6/2020,11/17/2025,Talbert Philps
786,Emery,Gadeaux,20,Bigender,Biology,2.98,7/28/2020,10/14/2023,Emery Gadeaux
787,Elene,Seignior,15,Female,Biology,2.73,7/26/2019,5/30/2025,Elene Seignior
788,Nickie,Gravey,25,Female,Computer Science,3.15,10/26/2020,11/23/2025,Nickie Gravey
789,Leell,McCowan,19,Male,Biology,0.25,1/14/2019,3/5/2024,Lyell McCowan
790,Baird,Favel,19,Male,History,0.58,1/7/2021,8/17/2025,Baird Favgl
791,Nadean,Sedger,19,Female,Computer Science,1.22,8/26/2021,8/7/2024,
792,Dorisa,Magee,23,Female,Biology,0.46,2/26/2020,5/16/2025,Dorisa Magee
793,Ofelia,Nisard,22,Female,History,3.31,11/18/2020,6/30/2025,Ofelia Nisard
794,Ardith,Heningam,18,Female,Computer Science,2.03,9/30/2020,6/8/2024,Ardith Heningam
795,Concettina,Ferrey,22,Female,Biology,3.38,2/7/2021,6/27/2025,Concettina Ferrey
796,Vernen,Manna,19,Genderfluid,Biology,1.53,9/6/2019,7/10/2024,Vernen Manna
797,Linus,Yukhnov,24,Male,History,1.64,5/25/2020,6/14/2024,Linus Yukhnov
798,Wynne,Ottewill,25,Female,Biology,1.94,11/15/2023,6/7/2021,Wynne Ottewill
799,Maddy,Raylton,19,Genderqueer,Coxputer Science,2.09,12/24/2025,11/25/2020,Maddy Raylton
800,Mechelle,Greenland,18,Genderqueer,Biology,2.53,5/19/2019,2/15/2025,Mechelle Greenland
801,Madalyn,Mose,18,Female,History,0.53,8/20/2020,1/3/2023,Maoalyn Mose
802,Amelina,Grimoldby,22,Non-binary,Computer Science,1.08,2/5/2021,5/26/2025,Amelina Grimoldby
803,Galen,Perillo,25,Male,Biology,1.69,12/6/2020,,Galen Perillo
804,Onida,Moff,19,Agender,Biology,3.02,,12/19/2023,Onida Moff
805,Keri,Snasel,19,Female,Computer Science,2.46,8/11/2020,3/17/2024,Keri Snasel
806,Ariella,,17,Female,Biology,0.68,9/11/2020,1/10/2024,Ariella Carlow
807,,Bollands,15,Male,Biology,0.71,8/28/2019,1/3/2025,Wit Bollands
808,Ody,Torrie,20,Male,Biology,0.52,8/19/2020,9/20/2024,Ody Torrie
809,Sean,Westwood,18,Male,Biology,3.63,2/20/2021,9/14/2023,Sean Westwood
810,Aubrette,Pimblott,23,Female,Biology,0.59,7/24/2021,5/6/2024,Aubrette Pimblott
811,,Barwise,24,Female,History,0.03,,9/1/2021,Loree Barwise
812,Frank,Rugiero,23,Female,Computer Science,0.59,7/24/2021,4/14/2024,Frank Rugiero
813,Lusa,Moules,24,Genderfluid,Biology,3.07,4/25/2019,5/7/2025,
814,Mack,Kilcoyne,25,Male,Biology,0.28,3/23/2020,3/12/2024,Mack Kilcoyne
815,Egbert,Paschke,18,Genderqueer,History,3.21,3/29/2019,2/23/2024,Egbert Paschke
816,Giana,Davydychev,22,Female,Biology,0.18,1/3/2020,1/30/2023,Giana Davydychev
817,Anetta,Virr,20,,History,0.32,,4/17/2023,fnetta Virr
818,Niel,Bilovsky,18,Male,History,0.25,8/28/2020,2/6/2023,Niel Bilovsky
819,Ossola,Wearns,27,Female,Biosogy,2.96,9/10/2021,7/19/2024,
820,Judith,Grernsite,25,Female,Hrstory,2.18,7/4/2021,8/15/2025,Judith Greensite
821,Bobbie,Long,22,Male,History,3.25,12/30/2019,9/26/2023,Bobbie Long
822,Beryl,Goldsworthy,25,Female,Biolfgy,2.98,8/20/2021,3/8/2023,
823,Sloan,Calderon,24,Male,Biology,2.82,12/7/2019,6/1/2025,Sloan Calderon
824,Robin,Janout,20,Male,Histfry,0.5,11/9/2020,5/17/2023,Robin Janout
825,Karalee,Blonfield,20,Female,History,3.41,9/2/2019,3/9/2023,Karalee Blonfield
826,,MacAless,25,Male,History,1.65,2/15/2021,,Valentijn MacAless
827,Juliann,Viveash,23,Female,History,3.18,8/15/2020,10/10/2024,Juliann Viveash
828,Marco,,25,Male,mistory,2.36,2/22/2019,1/6/2025,Marco Nicklen
829,Jaimie,Williams,20,Female,History,2.35,6/4/2021,1/17/2024,Jaimie killiams
830,Humfrid,Stermac,19,Genderfluid,Computer Science,2.45,6/19/2019,3/16/2023,Humfrid Sterman
831,Gayler,Moro,23,Male,History,2.35,1/15/2020,7/12/2023,Gayler Moro
832,Alvis,Mitchely,24,Male,Computer Science,2.42,7/29/2024,,Alvis Mitchely
833,Clywd,Caselli,19,Male,History,1.99,5/17/2020,8/1/2025,Clywd Caselli
834,Adriano,Samsin,24,Male,Computer Science,1.45,7/23/2020,,mdriano Samsin
835,Avrom,Buck,24,Male,Biology,3.64,11/1/2021,12/11/2024,Avrom Beck
836,Averyl,Patton,23,Female,,1.09,4/3/2020,12/5/2025,Averyl Patton
837,Gloriane,Mc Coughan,24,Female,History,2.98,8/22/2020,1/22/2025,Gloriane Mc Coughan
838,Carmine,Fleote,19,Female,History,1.48,10/14/2019,,Carmine Fleote
839,Klarika,Coppeard,18,Female,History,2.88,5/24/2021,1/15/2025,Klarika Coppeard
840,Farly,Vlasyuk,25,Male,Biology,0.84,8/28/2021,2/5/2023,Farly Vlasyuk
841,Scarface,Janouch,24,Male,History,0.37,7/11/2020,3/13/2024,Scarface Janouch
842,Conney,Dowsoe,19,Male,Biology,3.73,9/3/2021,4/19/2025,Conney Dowson
843,Giorgi,Spain,22,Male,Biology,3.94,3/17/2020,1/25/2025,Gisrgi Spain
844,Christie,Krzyzowski,24,Female,History,0.67,8/14/2019,8/2/2024,Christie Krzyzowski
845,Burton,Skittrell,20,Male,Biology,0.67,7/28/2019,12/14/2024,Burton Skittrell
846,Freddy,Clink,26,,Biology,2.88,10/17/2020,7/5/2024,Freddy Clink
847,Gwenbolin,Farrent,18,Female,Computer Science,3.38,5/16/2023,10/27/2021,Gwendolin Faruent
848,Nessi,MacColgan,18,Female,Biology,0.56,12/8/2020,,Nessi MacColgan
849,Costa,Eusden,18,Male,Computer Science,0.63,6/9/2019,6/5/2025,Costa Eusden
850,Abbie,Pettman,25,Female,History,2.37,11/16/2020,10/22/2023,
851,Cob,O'Carrol,18,Male,History,0.5,11/21/2020,4/15/2025,Cob O'Carrol
852,Aymer,Mattiussi,24,Male,History,1.81,12/24/2019,6/10/2025,Aymer Mattiussi
853,Dolf,Hardin,25,Male,History,0.76,3/5/2019,3/26/2023,Dolf Hardin
854,Mill,Terbeek,20,Male,Computer Science,1.43,11/3/2020,7/26/2024,Mill Terbeek
855,Honey,Kuschke,21,Female,History,1.72,8/28/2019,2/18/2023,Honey Kuschke
856,Kacy,,22,Female,Computer Science,3.44,2/20/2020,6/29/2025,Kacy Sconce
857,Lanny,Lante,18,Female,Histdry,3.94,11/22/2021,7/31/2025,Lanny Lante
858,Annissa,Bassano,20,,Biology,1.76,2/2/2021,6/30/2024,Annissa Bassano
859,Brynn,Gaskamp,22,,Biology,1.28,11/9/2019,5/15/2024,Brynn Gaskamp
860,Calypso,Breinl,19,Female,Computer Science,1.5,12/21/2020,11/6/2024,Calypso Breinl
861,Adham,Profit,21,Male,History,3.61,1/11/2019,7/12/2025,Adham Profit
862,Bettina,Halms,25,Female,History,3.99,7/23/2020,1/29/2023,Bettina Halms
863,Vittorio,Yukhnini,21,Male,Biowogy,0.72,,12/9/2023,Vittorio Yukhnini
864,Emmit,Orsman,25,Agender,Computer Science,2.11,5/11/2019,4/10/2025,Emmit Orsman
865,Adam,Ruddell,16,Agender,Biology,3.32,7/3/2021,11/25/2023,Adam Ruddell
866,Thadeus,Habbergham,25,Genderfluid,Computer Scifnce,2.62,,11/24/2023,Thadeus Habbergham
867,Torey,Matthisson,20,Female,History,0.5,7/8/2020,12/31/2024,Torey Matthisson
868,Zena,Rasell,30,Female,Biology,2.35,11/30/2019,1/6/2025,
869,Cloe,Maydway,23,Female,Biology,2.95,7/18/2019,4/25/2024,Cloe Maydway
870,Ram,Bigg,22,Male,Computer Science,0.1,2/19/2020,4/10/2025,
871,Isaac,Kayley,18,Male,Hcstory,3.45,11/16/2020,4/24/2023,Isaac Kayley
872,Bordie,Squibb,24,Male,History,0.96,2/17/2025,6/4/2019,Bordie Squibb
873,Joshuah,Bartolijn,24,Male,Biology,0.12,,,Joshuah Bartolijn
874,Christye,Freschini,23,Polygender,Computer Science,2.78,7/22/2020,3/25/2025,Christye Freschini
875,Odie,Valler,20,Male,History,1.51,11/2/2020,6/18/2024,Odie Valler
876,Iolanthe,,18,Female,Biology,1.44,11/14/2019,2/5/2024,Iolanthe Mawdsley
877,Tonia,Trainor,19,,Computer Science,0.26,2/22/2021,2/15/2025,Tonia Trainor
878,Ashely,Kiessel,13,Polygender,History,2.82,7/21/2021,3/7/2024,Ashely Kiessel
879,Melita,Tebbutt,18,Female,Biology,0.88,11/7/2021,12/4/2024,Melita Tebbutt
880,Jedd,Paireman,25,Male,History,0.53,4/5/2021,7/24/2023,Jedd Paireman
881,Hale,Mc-Kerley,21,Male,History,1.86,8/9/2020,9/1/2024,Hale Mc-Kerley
882,Carmin,Rosas,23,Female,Biology,2.14,12/13/2019,10/31/2024,Carmen Rosas
883,Granthem,Spindler,25,Male,Hibtory,3.8,8/11/2019,2/4/2025,Granthem Spindler
884,Kristoxer,Dominichetti,22,,Biology,1.31,7/12/2019,10/24/2023,Kristofer Dominichetti
885,Aland,Pryke,29,Male,History,0.7,9/26/2020,2/9/2024,Aland Pryke
886,Robbie,Griffey,25,Male,Computer Science,3.52,1/31/2021,5/4/2025,Robbie Griffey
887,Sherwood,,23,Male,Biology,1.59,5/18/2021,11/1/2023,Sherwood Orrinme
888,rifine,Deweht,22,Female,Computer Science,1.79,6/17/2020,8/19/2023,Fifine Dewett
889,Dori,Curbishley,18,Female,Computer Science,3.12,9/25/2019,3/7/2023,Dori Curbishley
890,Cointon,Pendlebery,20,Male,,3.35,5/30/2019,,Cointon Pendlebery
891,Frederico,Ceiklier,22,Male,History,0.03,7/30/2019,11/10/2025,Frederico Ceillier
892,Krishna,Eskrick,22,Male,History,1.06,7/16/2020,8/17/2023,
893,Basilius,Clowney,24,Male,Computer Science,1.95,4/20/2020,2/11/2024,Basilius Clowney
894,Claudelle,Dunk,20,Female,Biology,2.81,11/22/2020,12/19/2025,Claudelle Dunk
895,Angelina,Swinley,24,Female,Computer Science,1.65,1/8/2020,,Angelina Swinley
896,Brion,Brown,23,Male,Biology,2.96,4/17/2021,10/25/2024,Brion Brown
897,Shirl,Foad,19,Female,Biology,3.77,2/10/2019,12/28/2025,Shirl Foad
898,Dannie,Kleanthous,20,,Historv,2.0,2/23/2021,2/7/2024,Dannie Kleanthous
899,Terry,Starton,19,Male,Computer Science,0.47,11/13/2019,2/17/2023,Terry Starton
900,Ludwig,Jindrak,18,Male,Computer Science,0.05,4/11/2024,9/4/2019,Ludwig Jindrak
901,,Chadburn,23,Female,Biology,3.88,4/6/2020,10/18/2023,Linet Chadburn
902,Karen,,22,Female,History,3.75,8/19/2021,6/5/2024,Karen Zelland
903,Mannie,Giamitti,23,Male,History,1.82,5/13/2019,9/3/2025,Mannie Giamitti
904,Humfrey,Durden,24,Male,,3.7,12/10/2019,10/20/2023,Humfrey Durden
905,Eduardo,Tow,22,Male,History,1.17,3/30/2019,1/21/2024,Eduardo Tow
906,Maryann,Landsman,23,Female,Computer Science,1.34,8/6/2019,4/3/2025,Maryann Landsman
907,Somerset,Bucsel,25,Male,Biology,3.93,10/15/2020,1/21/2023,Somerseo Buckel
908,Chery,Dorcey,21,,Computer Science,2.19,3/14/2020,12/19/2024,Chery Dorcey
909,Olav,Ewen,28,Male,Computer Science,0.79,2/4/2021,10/18/2023,Olav Ewen
910,Tallou,Elsburm,19,Female,Biology,2.18,11/1/2019,,Tallou Elsbury
911,,Brise,19,Female,Computer Science,3.44,3/19/2019,1/8/2025,Dyanna Brise
912,Hendrick,Osanne,19,Male,History,3.94,6/30/2021,2/15/2024,Hendrick Osanne
913,Rickey,Varnam,24,Male,Biology,3.13,,6/15/2025,Rickey Varnam
914,Amalie,Keeves,22,Female,Biology,1.95,10/16/2020,12/21/2025,Amalie Keebes
915,Shann,Gwyllt,24,Non-binary,Biology,1.08,2/25/2020,,Shawn Gwyllt
916,Ulberto,Tatters,14,Male,Historv,3.82,4/19/2020,11/8/2025,Ulberto Tatters
917,Cosmo,Jaylock,20,Male,Computer Science,1.04,8/12/2019,2/4/2025,Cosmo Jaycock
918,Wynne,Louca,23,Female,History,3.38,6/24/2021,11/10/2025,Wynne Louca
919,Merwyn,MacAless,22,Male,Biology,1.95,5/10/2023,10/24/2019,Merwyn MacAless
920,Violante,Shemmin,24,Female,History,2.92,7/12/2021,4/6/2024,Violante Shemmin
921,Ignacius,Tartt,25,Male,History,1.12,8/25/2021,2/18/2024,Ignacius Tartt
922,Florry,Valente,22,Female,History,2.12,9/4/2020,3/26/2025,Florry Valente
923,Catlee,Sagg,24,Female,Computer Science,1.48,12/16/2019,12/28/2024,Catlee Sagg
924,Sandro,Sambedge,25,Male,Computer Scienle,0.08,2/4/2021,4/21/2024,Sandro Sambedge
925,Maxipilian,Gossling,24,Male,Biology,2.93,8/16/2021,8/22/2025,Maximilian Gossling
926,Alfy,Eastope,20,Male,Biology,2.06,1/25/2021,4/28/2024,Alfy Eastope
927,Imojean,Sparkwill,20,Female,Biology,1.85,1/22/2020,9/11/2023,Imojean Sparkwill
928,Matgy,Calcutt,16,Female,History,1.8,7/30/2019,11/18/2024,Matty Calcutt
929,Nathanael,Kimmfns,19,Male,Computer Science,2.17,6/8/2021,2/1/2023,Nathanael Kimmins
930,Carena,Spillard,14,Female,Biology,1.31,3/21/2021,8/22/2024,Carena Spillarn
931,Demetri,Parrot,23,Male,,2.6,2/24/2019,10/5/2023,Demetri Parrot
932,Kevon,Muscott,23,Male,Hxstory,3.24,6/2/2021,8/6/2025,Kevon Muscott
933,Herrick,O'Neary,25,Genderqueer,History,1.53,,3/16/2024,Herrick O'Neary
934,,Snoxall,23,,History,1.35,7/29/2021,5/8/2023,Culley Snoxall
935,Ceris,Cranefield,25,Male,Biology,3.75,12/27/2020,5/12/2023,Chris Cranefield
936,Lanita,Costa,19,Female,Biology,2.34,4/7/2021,9/26/2024,Lanita Costa
937,Jenny,siacovazzo,21,Female,Biology,0.95,6/2/2020,2/2/2025,Jenny Giacovazzo
938,Milli,Slry,25,Female,History,0.96,,11/5/2025,Milli Slay
939,Amalea,,23,Polygender,History,0.61,9/10/2020,,Amalea Boliver
940,Aldyn,Sandyford,22,Male,,3.51,12/30/2025,3/9/2020,Allyn Sandyford
941,,Pimlett,17,Female,Computer Science,0.99,10/3/2020,11/16/2024,
942,Hubey,Skyrm,22,Male,Computer Scienct,0.37,,8/21/2023,Hubey Skyrm
943,Drucie,Leivers,18,Female,Biology,3.5,7/21/2020,5/13/2025,Drucie Leivers
944,Felicio,Donizeau,23,Male,Computer Science,0.76,8/23/2021,6/5/2023,Felicio Donizeau
945,Daphna,,23,Female,ComputerpScience,1.82,6/6/2023,10/17/2021,Daphna Behnecken
946,Elisabet,,18,Female,Biology,3.65,6/5/2019,10/22/2024,Elisabet Croxford
947,Durant,Waplington,20,Male,Computer Science,3.75,5/1/2020,9/14/2023,Durant Waplington
948,Kathryne,Belchamber,19,Female,Biolohy,0.62,4/5/2019,5/12/2025,Kathryne Belchamber
949,Burl,Praundl,29,Male,Computer Science,2.08,12/11/2020,2/28/2023,Burl Praundl
950,Todd,Drayton,24,Male,Computer Science,0.15,1/24/2021,,Todd Drayton
951,Ben,De Hailes,19,Male,History,0.4,3/7/2021,,Ben De Hailes
952,Arnaldo,Van Der Hoog,18,Male,Computer Science,1.92,1/28/2020,10/15/2023,Arnaldo Van Der Hoog
953,Aleta,,23,Female,Biology,3.57,9/21/2021,7/8/2024,Aleta Adamides
954,Barrie,Cotter,21,Male,,1.1,4/9/2021,3/26/2024,Barrie Cotter
955,Shayna,Cooksey,22,Female,History,3.91,3/17/2019,5/21/2025,
956,Yuma,Runnicles,23,Male,Computer Science,2.61,9/10/2021,12/14/2024,Yuma Runnicles
957,Wally,Dnnnersberg,24,Male,Biology,2.21,7/2/2020,6/11/2024,Wally Donnersberg
958,Roobbil,Josh,22,Female,Biology,1.48,1/27/2019,2/23/2023,Roobbie Josh
959,Cullen,Phuprate,23,Male,Computee Science,1.88,3/20/2020,12/12/2024,Cullen Phuprate
960,Kippie,Nzrdoni,25,Female,Biology,0.56,10/31/2021,4/16/2023,Kippie fardoni
961,Noelyn,Merrissoc,25,Female,,3.19,2/16/2019,8/30/2023,Noelyn Merrisson
962,Pegeen,Leinster,22,Female,Computer Science,2.6,4/22/2019,3/15/2023,Pegeen Leinster
963,Koressa,Bly,21,,Biology,2.64,3/19/2020,,Koressa Bly
964,Ingrim,Roggers,23,Male,Biology,3.62,10/1/2020,12/27/2023,Ingrim Roggers
965,,Meharry,20,Female,History,2.27,8/18/2020,1/9/2025,Carlina Meharry
966,Nappie,Aris,19,Male,History,2.52,3/14/2019,,Nappie Aris
967,,Frude,23,Male,,2.9,7/16/2019,8/29/2023,Stephan Frude
968,Iggie,Anetts,19,Male,Bidlogy,3.1,1/6/2019,6/21/2023,Iggie Anetts
969,Jenda,Lrngland,23,Female,Histlry,2.78,9/20/2019,11/3/2024,Jenda Longland
970,Avril,Asaaf,18,,Biology,3.06,9/14/2019,12/16/2025,Avril Asaaf
971,Marissa,Tuffrey,25,Female,Biolzgy,3.89,2/13/2020,2/11/2025,Marissa Trffrey
972,Madonna,Hazefdean,25,Genderfluid,History,0.26,7/6/2021,4/6/2024,Madonna Hazeldean
973,Moe,Brimley,25,,History,0.72,3/23/2021,6/16/2025,Moe Brimley
974,gannelle,Kleyn,19,Female,Biology,2.66,9/9/2021,7/5/2025,Jannelle Kleyn
975,Ffydra,Trippett,23,Female,History,2.01,6/28/2019,2/9/2024,Faydra Trippett
976,Brockie,Zuppa,25,Polygender,Biology,0.08,2/16/2020,6/19/2025,Brockie Zuppa
977,Norine,Geffcock,19,Female,History,2.99,2/27/2019,10/7/2025,Norine Geffcock
978,Herve,Sword,24,Male,Biology,0.84,7/23/2021,2/21/2024,Herve Sword
979,oaina,Traher,23,Female,Biology,0.23,11/6/2020,9/24/2025,Laina Traher
980,Ina,Gustus,25,Female,History,2.33,2/3/2020,4/5/2023,Ina Guztus
981,Melesa,Kift,24,Female,Biology,1.79,1/29/2019,3/19/2025,Melesa Kift
982,Ravi,Shafto,19,Male,,2.63,10/30/2019,8/25/2024,Ravi Shafto
983,Tiffanie,Sagerson,23,Female,Biology,2.19,2/16/2020,10/24/2024,Tiffanie Sagerson
984,Mohandis,Flitcroft,20,Male,ComputereScience,0.1,8/15/2019,7/4/2024,Mohandis Flitcroft
985,Bartolomeo,Stichall,21,Male,Biology,3.64,5/22/2021,8/20/2024,Bartolomeo Stiphall
986,Dita,Langstaff,23,Female,Computer Suience,3.19,6/5/2021,4/15/2023,Dita Langstaff
987,Elisha,Stallworthy,18,Male,Computer Science,0.02,7/26/2019,8/23/2024,Elisha Stallworthy
988,Brandy,Grieber,23,Female,History,1.99,8/20/2019,9/26/2025,Brandy Grieger
989,Cherish,Merrison,19,Female,History,1.8,11/12/2021,8/23/2025,Cherish Merrison
990,Armando,Apnull,25,Male,History,3.63,1/3/2020,1/7/2024,Armando Arnull
991,Klemeot,Latham,20,Male,History,0.48,1/24/2021,,Klement Latham
992,Port,Knok,22,Male,Biology,3.29,6/4/2020,12/25/2025,Port Knok
993,Hurlee,Moses,25,Male,Biology,1.46,5/2/2020,3/16/2024,Hurlee Moses
994,Rozelle,Felderer,25,Female,Biology,0.34,6/28/2019,11/15/2025,Rozelle Felderer
995,Oliy,Goosey,22,Female,Historp,0.18,10/15/2021,6/6/2025,Oliy Goosey
996,Elizabeth,Lobe,23,Female,History,0.43,2/6/2020,1/15/2025,Elizabeth Lobe
997,Ileana,Franzettoini,18,Female,History,3.5,5/4/2019,4/18/2023,Ileana Franzettoini
998,Rollins,Gaskoin,21,Genderfluid,History,1.75,8/14/2020,8/15/2024,Rollins Gaskohn
999,Lisetta,Hanley,25,Female,Biology,3.47,4/5/2021,12/15/2024,
1000,Barrie,Dahlbom,19,Male,,3.03,5/14/2021,10/11/2024,Barrie Dahlbom
